BioProject	Run	Common Name
PRJEB56265	ERR10235200	S50676
PRJEB56265	ERR10235203	S68911
PRJEB56265	ERR10238125	S160
PRJEB56320	ERR10288611	YU796NS
PRJEB56320	ERR10288612	YELLOW3-4
PRJEB56320	ERR10288613	W816G
PRJEB56320	ERR10288614	W818G
PRJEB56320	ERR10288615	VA52
PRJEB56320	ERR10288616	YONG28
PRJEB56320	ERR10288617	W601S
PRJEB56320	ERR10288618	YANG
PRJEB56320	ERR10288619	SD15
PRJEB56320	ERR10288620	T141
PRJEB56320	ERR10288621	YE-CHI-HUNG
PRJEB56320	ERR10288622	W802G
PRJEB56320	ERR10288623	W703
PRJEB56320	ERR10288624	ZS1791
PRJEB56320	ERR10288625	S-56
PRJEB56320	ERR10288626	T146
PRJEB56320	ERR10288627	TR
PRJEB56320	ERR10288628	T9
PRJEB56320	ERR10288629	TZU-CHIAO-HSI-W
PRJEB56320	ERR10288630	VA38
PRJEB56320	ERR10288632	U-123
PRJEB56320	ERR10288633	SG-30A
PRJEB56320	ERR10288634	SEAGULLSEVENTEE
PRJEB56320	ERR10288635	SD42
PRJEB56320	ERR10288636	YE4
PRJEB56320	ERR10288637	R30
PRJEB56320	ERR10288638	PHTD5
PRJEB56320	ERR10288640	PHV07
PRJEB56320	ERR10288641	R197
PRJEB56320	ERR10288642	R134
PRJEB56320	ERR10289252	PHWRZ
PRJEB56320	ERR10289277	PHT73
PRJEB56320	ERR10289278	PHJ90
PRJEB56320	ERR10289279	R101
PRJEB56320	ERR10289280	PHR61
PRJEB56320	ERR10289281	PHW06
PRJEB56320	ERR10289282	PHN18
PRJEB56320	ERR10289283	PHTE4
PRJEB56320	ERR10289284	PHHB9
PRJEB56320	ERR10289285	PHHB4
PRJEB56320	ERR10289286	PHN41
PRJEB56320	ERR10289287	R53
PRJEB56320	ERR10289288	PHRE1
PRJEB56320	ERR10289289	PHGG7
PRJEB56320	ERR10289291	PHEM7
PRJEB56320	ERR10289292	R225
PRJEB56320	ERR10289293	PHEW7
PRJEB56320	ERR10289294	PHFA5
PRJEB56320	ERR10289295	PHEM9
PRJEB56320	ERR10289296	PHGV6
PRJEB56320	ERR10289297	PHDD6
PRJEB56320	ERR10289298	PHJ65
PRJEB56320	ERR10289299	PHAW6
PRJEB56320	ERR10289300	PA405
PRJEB56320	ERR10289301	PA778
PRJEB56320	ERR10289302	OQ601
PRJEB56320	ERR10289303	OQ101
PRJEB56320	ERR10289304	PA468
PRJEB56320	ERR10289305	PH5HK
PRJEB56320	ERR10289306	PA392
PRJEB56320	ERR10289307	NY_166__NEVEH_Y
PRJEB56320	ERR10289308	NY159_NEVEHYAAR
PRJEB56320	ERR10289309	OH3167B
PRJEB56320	ERR10289310	OS426
PRJEB56320	ERR10289311	PA891
PRJEB56320	ERR10289312	NP87
PRJEB56320	ERR10289313	NQ402
PRJEB56320	ERR10289314	NO-380
PRJEB56320	ERR10289315	NORTH7
PRJEB56320	ERR10289316	NKBCC03
PRJEB56320	ERR10289317	NKNP901
PRJEB56320	ERR10289318	NK907
PRJEB56320	ERR10289319	NK794
PRJEB56320	ERR10289320	ND262
PRJEB56320	ERR10289322	ND287
PRJEB56320	ERR10289323	ND251
PRJEB56320	ERR10289324	ND283
PRJEB56320	ERR10289325	ND260
PRJEB56320	ERR10289326	ND167
PRJEB56320	ERR10289327	ND245
PRJEB56320	ERR10289328	ND1
PRJEB56320	ERR10289329	ND249
PRJEB56320	ERR10289330	N216
PRJEB56320	ERR10289331	ND230
PRJEB56320	ERR10289332	NC13
PRJEB56320	ERR10289333	N538
PRJEB56320	ERR10289334	N545
PRJEB56320	ERR10289335	N534
PRJEB56320	ERR10289336	MS223
PRJEB56320	ERR10289337	N540
PRJEB56320	ERR10289338	MS106
PRJEB56320	ERR10289339	MS222
PRJEB56320	ERR10289341	MO7
PRJEB56320	ERR10289342	N199
PRJEB56320	ERR10289343	MS12
PRJEB56320	ERR10289344	MO3
PRJEB56320	ERR10289345	MO39
PRJEB56320	ERR10289346	MS142
PRJEB56320	ERR10289347	MO28W
PRJEB56320	ERR10289348	MO16W
PRJEB56320	ERR10289349	MO30W
PRJEB56320	ERR10289350	MO5
PRJEB56320	ERR10289351	MO23W
PRJEB56320	ERR10289352	MO15W
PRJEB56320	ERR10289354	MO13
PRJEB56320	ERR10289355	LP1NRHT
PRJEB56320	ERR10289356	LH284
PRJEB56320	ERR10289357	LH225
PRJEB56320	ERR10289358	LH212HT
PRJEB56320	ERR10289359	LH218
PRJEB56320	ERR10289360	LH299
PRJEB56320	ERR10289361	LH217
PRJEB56320	ERR10289362	LH250
PRJEB56320	ERR10289363	LH252
PRJEB56320	ERR10289364	LH210
PRJEB56320	ERR10289365	LH260
PRJEB56320	ERR10289366	LH231
PRJEB56320	ERR10289367	LH175
PRJEB56320	ERR10289368	LH189HT
PRJEB56320	ERR10289975	LH183
PRJEB56320	ERR10289976	LH163
PRJEB56320	ERR10289977	LH188
PRJEB56320	ERR10289978	LH169HT
PRJEB56320	ERR10290059	LH167
PRJEB56320	ERR10290060	LH159
PRJEB56320	ERR10290061	LH186
PRJEB56320	ERR10290062	L222
PRJEB56320	ERR10290063	L155
PRJEB56320	ERR10290064	KO679Y
PRJEB56320	ERR10290065	L289
PRJEB56320	ERR10290066	K155
PRJEB56320	ERR10290067	K201
PRJEB56320	ERR10290068	INBRED305
PRJEB56320	ERR10290069	LH164
PRJEB56320	ERR10290070	INBRED309
PRJEB56320	ERR10290071	INBRED_321
PRJEB56320	ERR10290072	IL778D
PRJEB56320	ERR10290073	INBRED141
PRJEB56320	ERR10290074	ICI986
PRJEB56320	ERR10290075	INBRED_109
PRJEB56320	ERR10290076	I159
PRJEB56320	ERR10290077	INBRED2-687
PRJEB56320	ERR10290078	IL101T
PRJEB56320	ERR10290079	INBRED_100
PRJEB56320	ERR10290080	H124W
PRJEB56320	ERR10290081	H52
PRJEB56320	ERR10290082	H122W
PRJEB56320	ERR10290083	HI26
PRJEB56320	ERR10290084	ICI740
PRJEB56320	ERR10290085	G22T122
PRJEB56320	ERR10290086	HI28
PRJEB56320	ERR10290087	FE
PRJEB56320	ERR10290088	H14
PRJEB56320	ERR10290089	ICI893
PRJEB56320	ERR10290090	ICI441
PRJEB56320	ERR10290091	DK84BRQ4
PRJEB56320	ERR10290092	DK6F545
PRJEB56320	ERR10290093	DK8F196
PRJEB56320	ERR10290094	GE54
PRJEB56320	ERR10290095	F44
PRJEB56320	ERR10290096	CO236
PRJEB56320	ERR10290097	G3T5A
PRJEB56320	ERR10290098	GE129
PRJEB56320	ERR10290099	ENG-LICHIH
PRJEB56320	ERR10290100	DKMFD-13D
PRJEB56320	ERR10290101	F115
PRJEB56320	ERR10290102	DKNL001
PRJEB56320	ERR10290103	DK8M129
PRJEB56320	ERR10290104	ICI193
PRJEB56320	ERR10290105	DKMBZA
PRJEB56320	ERR10290106	DKF274
PRJEB56320	ERR10290107	IA453
PRJEB56320	ERR10290108	DKWDAD1
PRJEB56320	ERR10290109	DK8M116
PRJEB56320	ERR10290110	IA5125B
PRJEB56320	ERR10290111	DK3IIH6
PRJEB56320	ERR10290112	CSJ3
PRJEB56320	ERR10290113	CL17
PRJEB56320	ERR10290114	CQ806
PRJEB56320	ERR10290115	CI91B
PRJEB56320	ERR10290116	CO256
PRJEB56320	ERR10290117	CI90C
PRJEB56320	ERR10290118	CS608
PRJEB56320	ERR10290119	CO245
PRJEB56320	ERR10290120	CO192
PRJEB56320	ERR10290121	CO237
PRJEB56320	ERR10290122	CO216
PRJEB56320	ERR10290123	BEI10-NORTH10
PRJEB56320	ERR10290747	CM99
PRJEB56320	ERR10290748	B99
PRJEB56320	ERR10290749	CML395
PRJEB56320	ERR10290750	CO158
PRJEB56320	ERR10290751	CL27
PRJEB56320	ERR10290752	B42
PRJEB56320	ERR10290753	B54
PRJEB56320	ERR10290754	CM48
PRJEB56320	ERR10290755	CO117
PRJEB56320	ERR10290756	CI540
PRJEB56320	ERR10290757	C42
PRJEB56320	ERR10290758	CG10
PRJEB56320	ERR10290759	C68
PRJEB56320	ERR10290760	A96
PRJEB56320	ERR10290761	CHI-TAN120
PRJEB56320	ERR10290762	A651
PRJEB56320	ERR10290763	C102
PRJEB56320	ERR10290764	C15
PRJEB56320	ERR10290765	CI40H
PRJEB56320	ERR10290766	B91
PRJEB56320	ERR10290767	B90
PRJEB56320	ERR10290769	A171
PRJEB56320	ERR10290773	B101
PRJEB56320	ERR10290776	A155
PRJEB56320	ERR10290778	B-18_INBR_FR_SU
PRJEB56320	ERR10290780	AM0776
PRJEB56320	ERR10290781	B106
PRJEB56320	ERR10290786	A15
PRJEB56320	ERR10290789	A673
PRJEB56320	ERR10290790	A12
PRJEB56320	ERR10290791	A662
PRJEB56320	ERR10290794	AR228
PRJEB56320	ERR10290797	AH83
PRJEB56320	ERR10290799	A508
PRJEB56320	ERR10290801	A3G-3-3-1-313
PRJEB56320	ERR10290802	A415-1-3-INBRED
PRJEB56320	ERR10290803	A344
PRJEB56320	ERR10290806	4F-234BX4
PRJEB56320	ERR10290809	80-2
PRJEB56320	ERR10290812	4F-306_108
PRJEB56320	ERR10290814	904
PRJEB56320	ERR10290815	4554_INBRED
PRJEB56320	ERR10290816	52220
PRJEB56320	ERR10290818	4578INBRED
PRJEB61159	ERR11202955	Par_N16
PRJEB14212	ERR1462650	A374_inra
PRJEB14212	ERR1462651	AR210_inra
PRJEB14212	ERR1462652	Ak3_inra
PRJEB14212	ERR1462653	CH10-4_ethz
PRJEB14212	ERR1462654	CH19-1_ethz
PRJEB14212	ERR1462655	CH34_ethz
PRJEB14212	ERR1462656	CH36_ethz
PRJEB14212	ERR1462657	CH446A_ethz
PRJEB14212	ERR1462658	CO109_inra
PRJEB14212	ERR1462659	CQ502_inra
PRJEB14212	ERR1462660	EP4_csic
PRJEB14212	ERR1462661	EP80_csic
PRJEB14212	ERR1462662	EV18_csic
PRJEB14212	ERR1462663	EZ4_csic
PRJEB14212	ERR1462664	F48_inra
PRJEB14212	ERR1462666	F759_inra
PRJEB14212	ERR1462667	GA219_inra
PRJEB14212	ERR1462668	FV1_inra
PRJEB14212	ERR1462669	FV70_inra
PRJEB14212	ERR1462670	FV72_inra
PRJEB14212	ERR1462671	FV76_inra
PRJEB14212	ERR1462672	F39_inra
PRJEB14212	ERR1462673	FC16_inra
PRJEB14212	ERR1462674	FC24_inra
PRJEB14212	ERR1462675	FC673_inra
PRJEB14212	ERR1462676	FC25_inra
PRJEB14212	ERR1462677	Mo15W_inra
PRJEB14212	ERR1462678	N22_inra
PRJEB14212	ERR1462679	N6_inra
PRJEB14212	ERR1462680	NC222_inra
PRJEB14212	ERR1462682	ND1_inra
PRJEB14212	ERR1462683	ND283_inra
PRJEB14212	ERR1462684	ND30_inra
PRJEB14212	ERR1462686	NY303_inra
PRJEB14212	ERR1462687	NYS302_inra
PRJEB14212	ERR1462688	PB18_inra
PRJEB14212	ERR1462690	PB79-2_inra
PRJEB14212	ERR1462691	PB86_inra
PRJEB14212	ERR1462692	PLS14_inra
PRJEB14212	ERR1462693	PP147_inra
PRJEB14212	ERR1462694	RT9_inra
PRJEB14212	ERR1462695	UH_FF0721H_uh
PRJEB14212	ERR1462696	Wf9_inra
PRJEB14212	ERR1462697	WJ_inra
PRJEB14212	ERR1462698	ARZM01097_CIMMYT
PRJEB14212	ERR1462699	ARZM07086_CIMMYT
PRJEB14212	ERR1462700	MR25_JDHMV2
PRJEB14212	ERR1462701	MR05_JDHMV2
PRJEB14212	ERR1462702	MR07_JDHMV2
PRJEB14212	ERR1462703	MR18_JDHMV2
PRJEB14212	ERR1462704	MR09_JDHMV2
PRJEB14212	ERR1462705	SNLP305_CIMMYT
PRJEB14212	ERR1462706	PDZ37_SSD23
PRJEB14212	ERR1462707	PDZ676-103
PRJEB14212	ERR1462708	PDZ666-102
PRJEB14212	ERR1462709	EM1197_inra
PRJEB14212	ERR1462710	EM1433_inra
PRJEB14212	ERR1462711	EM1712_inra
PRJEB14212	ERR1462712	EM2000_inra
PRJEB14212	ERR1462713	PDZ668-101
PRJEB14212	ERR1462714	PDZ689-201
PRJEB14212	ERR1462715	PDZ741-101
PRJEB14212	ERR1462716	PDZ737-101
PRJEB14212	ERR1462717	MR23_JDHMV2
PRJEB14212	ERR1462718	PDZ682-101
PRJEB14212	ERR1462719	MR08_JDHMV2
PRJEB14212	ERR1462720	MR01_JDHMV2
PRJEB31061	ERR3155224	Tzi8
PRJEB31061	ERR3155516	Tzi8
PRJEB31061	ERR3155517	Tzi8
PRJEB31061	ERR3155518	Tzi8
PRJEB32225	ERR3288215	B73_v5 rep1
PRJEB32225	ERR3288216	B73_v5 rep2
PRJEB32225	ERR3288217	B73_v5 rep3
PRJEB32225	ERR3288218	B73_v5 rep4
PRJEB31061	ERR3307809	B97 rep1
PRJEB31061	ERR3307810	B97 rep2
PRJEB31061	ERR3307811	B97 rep3
PRJEB31061	ERR3307812	B97 rep4
PRJEB31061	ERR3307829	CML69
PRJEB31061	ERR3307830	CML69
PRJEB31061	ERR3307831	CML69
PRJEB31061	ERR3307832	CML69
PRJEB31061	ERR3307833	CML103
PRJEB31061	ERR3307834	CML103
PRJEB31061	ERR3307835	CML103
PRJEB31061	ERR3307836	CML103
PRJEB31061	ERR3307837	CML228
PRJEB31061	ERR3307838	CML228
PRJEB31061	ERR3307839	CML228
PRJEB31061	ERR3307840	CML228
PRJEB31061	ERR3307841	CML247
PRJEB31061	ERR3307842	CML247
PRJEB31061	ERR3307843	CML247
PRJEB31061	ERR3307844	CML247
PRJEB31061	ERR3307845	CML277
PRJEB31061	ERR3307846	CML277
PRJEB31061	ERR3307847	CML277
PRJEB31061	ERR3307848	CML277
PRJEB31061	ERR3307849	CML322
PRJEB31061	ERR3307850	CML322
PRJEB31061	ERR3307851	CML322
PRJEB31061	ERR3307852	CML322
PRJEB31061	ERR3307853	CML333
PRJEB31061	ERR3307854	CML333
PRJEB31061	ERR3307855	CML333
PRJEB31061	ERR3307856	CML333
PRJEB31061	ERR3307857	Hp301
PRJEB31061	ERR3307866	Il14H
PRJEB31061	ERR3307867	Il14H
PRJEB31061	ERR3307868	Il14H
PRJEB31061	ERR3307869	Il14H
PRJEB31061	ERR3307874	Ki3
PRJEB31061	ERR3307875	Ki3
PRJEB31061	ERR3307876	Ki3
PRJEB31061	ERR3307877	Ki3
PRJEB31061	ERR3307878	Ki11
PRJEB31061	ERR3307879	Ky21
PRJEB31061	ERR3307880	Ky21
PRJEB31061	ERR3307881	Ky21
PRJEB31061	ERR3307882	Ky21
PRJEB31061	ERR3307883	M162W
PRJEB31061	ERR3307884	M37W
PRJEB31061	ERR3307885	Mo18W
PRJEB31061	ERR3307886	MS71
PRJEB31061	ERR3307887	MS71
PRJEB31061	ERR3307888	MS71
PRJEB31061	ERR3307889	MS71
PRJEB31061	ERR3307890	NC350
PRJEB31061	ERR3307891	NC350
PRJEB31061	ERR3307892	NC350
PRJEB31061	ERR3307893	NC350
PRJEB31061	ERR3307894	Oh43
PRJEB31061	ERR3307895	Oh43
PRJEB31061	ERR3307896	Oh43
PRJEB31061	ERR3307897	Oh43
PRJEB31061	ERR3307898	Oh7B
PRJEB31061	ERR3307899	Oh7B
PRJEB31061	ERR3307900	Oh7B
PRJEB31061	ERR3307901	Oh7B
PRJEB31061	ERR3307902	P39
PRJEB31061	ERR3307903	P39
PRJEB31061	ERR3307904	P39
PRJEB31061	ERR3307905	P39
PRJEB31061	ERR3307906	Tx303
PRJEB31061	ERR3307907	Tx303
PRJEB31061	ERR3307908	Tx303
PRJEB31061	ERR3307909	Tx303
PRJNA609577	SRR11301547	Dong46
PRJNA609577	SRR11301548	Dong46
PRJNA609577	SRR11301551	3IBZ2
PRJNA609577	SRR11301553	Lx9801
PRJNA609577	SRR11301554	Lx9801
PRJNA609577	SRR11301555	Lx9801
PRJNA609577	SRR11301556	515
PRJNA609577	SRR11301557	515
PRJNA609577	SRR11301558	K12
PRJNA609577	SRR11301559	K12
PRJNA609577	SRR11301560	444
PRJNA609577	SRR11301561	444
PRJNA609577	SRR11301562	6F629
PRJNA609577	SRR11301563	Jing7
PRJNA609577	SRR11301564	Jing7
PRJNA609577	SRR11301565	Ji853
PRJNA609577	SRR11301566	Ji853
PRJNA609577	SRR11301573	6F629
PRJNA609577	SRR11301579	P138
PRJNA609577	SRR11301580	P138
PRJNA609577	SRR11301582	Shen137
PRJNA609577	SRR11301583	Shen137
PRJNA609577	SRR11301584	Qi319
PRJNA609577	SRR11301585	FBLA
PRJNA609577	SRR11301586	Qi319
PRJNA609577	SRR11301587	698_3
PRJNA609577	SRR11301588	698_3
PRJNA609577	SRR11301589	Longkang11
PRJNA609577	SRR11301590	Longkang11
PRJNA609577	SRR11301591	Huobai
PRJNA609577	SRR11301592	Huobai
PRJNA609577	SRR11301593	9058
PRJNA609577	SRR11301594	9058
PRJNA609577	SRR11301596	FBLA
PRJNA609577	SRR11301599	Huangyesi3
PRJNA609577	SRR11301600	7884_7Ht
PRJNA609577	SRR11301601	5005
PRJNA609577	SRR11301602	81162
PRJNA609577	SRR11301603	18_599
PRJNA609577	SRR11301604	PHH93
PRJNA609577	SRR11301605	IBB14
PRJNA609577	SRR11301606	Aijin525
PRJNA609577	SRR11301607	IBB14
PRJNA609577	SRR11301608	787
PRJNA609577	SRR11301609	787
PRJNA609577	SRR11301610	PHW30
PRJNA609577	SRR11301611	PHW30
PRJNA609577	SRR11301612	LH220Ht
PRJNA609577	SRR11301613	LH220Ht
PRJNA609577	SRR11301614	W23
PRJNA609577	SRR11301615	W23
PRJNA609577	SRR11301616	H84
PRJNA609577	SRR11301617	Yuanqi123
PRJNA609577	SRR11301618	H84
PRJNA609577	SRR11301619	Va26
PRJNA609577	SRR11301620	Va26
PRJNA609577	SRR11301621	B76
PRJNA609577	SRR11301622	B76
PRJNA609577	SRR11301623	B95
PRJNA609577	SRR11301624	B95
PRJNA609577	SRR11301625	B100
PRJNA609577	SRR11301626	B100
PRJNA609577	SRR11301627	B73
PRJNA609577	SRR11301628	Qi35
PRJNA609577	SRR11301629	B73
PRJNA609577	SRR11301630	BZN
PRJNA609577	SRR11301631	BZN
PRJNA609577	SRR11301632	A632
PRJNA609577	SRR11301633	A632
PRJNA609577	SRR11301634	200B
PRJNA609577	SRR11301635	200B
PRJNA609577	SRR11301636	Zong3
PRJNA609577	SRR11301637	Zong3
PRJNA609577	SRR11301638	Zi330
PRJNA609577	SRR11301639	Yuanwu02
PRJNA609577	SRR11301640	Zi330
PRJNA609577	SRR11301641	488
PRJNA609577	SRR11301642	488
PRJNA609577	SRR11301643	Xi14
PRJNA609577	SRR11301644	Xi14
PRJNA609577	SRR11301645	Tie7922
PRJNA609577	SRR11301646	Tie7922
PRJNA609577	SRR11301647	Ji842
PRJNA609577	SRR11301648	Ji842
PRJNA609577	SRR11301658	C102
PRJNA609577	SRR11301666	Tai184
PRJNA609577	SRR11301677	Hai1134
PRJNA609577	SRR11301688	Cheng687
PRJNA609577	SRR11301694	MS153
PRJNA609577	SRR11301695	MS153
PRJNA609577	SRR11301696	MS153
PRJNA609577	SRR11301698	I159
PRJNA609577	SRR11301699	Xinaiguang10
PRJNA609577	SRR11301700	I159
PRJNA609577	SRR11301708	A334
PRJNA609577	SRR11301709	A334
PRJNA609577	SRR11301710	Dan341
PRJNA609577	SRR11301721	Dan99chang
PRJNA609577	SRR11301722	CM37
PRJNA609577	SRR11301723	CM37
PRJNA609577	SRR11301724	Mt42
PRJNA609577	SRR11301725	R168
PRJNA609577	SRR11301726	N28
PRJNA609577	SRR11301727	H95
PRJNA609577	SRR11301728	C123
PRJNA609577	SRR11301729	WF9
PRJNA609577	SRR11301730	VA59
PRJNA609577	SRR11301731	Va17
PRJNA609577	SRR11301732	LD61
PRJNA609577	SRR11301735	LH212Ht
PRJNA609577	SRR11301736	LH212Ht
PRJNA609577	SRR11301741	Wu105
PRJNA609577	SRR11301743	LH208
PRJNA609577	SRR11301744	LH208
PRJNA609577	SRR11301745	LH181
PRJNA609577	SRR11301746	LH181
PRJNA609577	SRR11301747	LH128
PRJNA609577	SRR11301748	LH128
PRJNA609577	SRR11301749	NL001
PRJNA609577	SRR11301750	NL001
PRJNA609577	SRR11301751	BCC03
PRJNA609577	SRR11301752	75_1
PRJNA609577	SRR11301753	BCC03
PRJNA609577	SRR11301754	PHV07
PRJNA609577	SRR11301755	PHV07
PRJNA609577	SRR11301756	PHP76
PRJNA609577	SRR11301757	PHP76
PRJNA609577	SRR11301758	PHJ65
PRJNA609577	SRR11301759	PHJ65
PRJNA609577	SRR11301760	LH191
PRJNA609577	SRR11301761	Nan21_3
PRJNA609577	SRR11301762	Zaodahuang
PRJNA609577	SRR11301763	Chang72
PRJNA609577	SRR11301764	832
PRJNA609577	SRR11301765	803
PRJNA609577	SRR11301766	803
PRJNA609577	SRR11301767	Wenhuang31413
PRJNA609577	SRR11301768	Wenhuang31413
PRJNA609577	SRR11301769	434
PRJNA609577	SRR11301770	434
PRJNA609577	SRR11301771	Hai014
PRJNA609577	SRR11301772	4112
PRJNA609577	SRR11301773	Ji876
PRJNA609577	SRR11301774	4F1
PRJNA609577	SRR11301775	4F1
PRJNA609577	SRR11301776	812
PRJNA609577	SRR11301777	812
PRJNA609577	SRR11301778	446
PRJNA609577	SRR11301779	446
PRJNA609577	SRR11301780	Yan414
PRJNA609577	SRR11301781	Yan414
PRJNA609577	SRR11301782	CI66
PRJNA609577	SRR11301783	CI66
PRJNA609577	SRR11301784	Dahuang46
PRJNA609577	SRR11301785	Oh7
PRJNA609577	SRR11301786	Oh7
PRJNA609577	SRR11301787	KY228
PRJNA609577	SRR11301788	KY228
PRJNA609577	SRR11301789	CM105
PRJNA609577	SRR11301790	CM105
PRJNA609577	SRR11301791	B57
PRJNA609577	SRR11301792	B57
PRJNA609577	SRR11301793	B69
PRJNA609577	SRR11301794	B69
PRJNA609577	SRR11301795	Hua94
PRJNA609577	SRR11301796	MO18W
PRJNA609577	SRR11301797	MO18W
PRJNA609577	SRR11301798	B64
PRJNA609577	SRR11301799	B64
PRJNA609577	SRR11301806	Liao2202
PRJNA609577	SRR11301810	B8
PRJNA609577	SRR11301811	B8
PRJNA609577	SRR11301812	B8
PRJNA609577	SRR11301817	Lv10
PRJNA609577	SRR11301825	C46
PRJNA609577	SRR11301826	C46
PRJNA609577	SRR11301827	ND255
PRJNA609577	SRR11301828	ND255
PRJNA609577	SRR11301829	Baihe43
PRJNA609577	SRR11301830	ND255
PRJNA609577	SRR11301840	334_1
PRJNA609577	SRR11301845	Qi205
PRJNA609577	SRR11301846	Qi205
PRJNA609577	SRR11301847	Zheng22
PRJNA609577	SRR11301848	Zheng22
PRJNA609577	SRR11301849	Dan340
PRJNA609577	SRR11301850	Dan340
PRJNA609577	SRR11301854	S37
PRJNA609577	SRR11301855	PHR30
PRJNA609577	SRR11301856	S37
PRJNA609577	SRR11301857	Ji63
PRJNA609577	SRR11301858	Ji63
PRJNA609577	SRR11301859	Dong237
PRJNA609577	SRR11301860	Dong237
PRJNA609577	SRR11301861	Chang3
PRJNA609577	SRR11301862	Chang3
PRJNA609577	SRR11301863	Lv9kuan
PRJNA609577	SRR11301864	Lv9kuan
PRJNA609577	SRR11301865	48_2
PRJNA609577	SRR11301866	PHBA6
PRJNA609577	SRR11301867	48_2
PRJNA609577	SRR11301868	48_2
PRJNA609577	SRR11301869	Luyuan92
PRJNA609577	SRR11301870	Luyuan92
PRJNA609577	SRR11301871	Luyuan92
PRJNA609577	SRR11301872	Dong46
PRJNA609577	SRR11301873	LH215
PRJNA609577	SRR11301874	LH215
PRJNA609577	SRR11301875	LH196
PRJNA609577	SRR11301876	LH162
PRJNA609577	SRR11301877	LH196
PRJNA609577	SRR11301884	WIL_22
PRJNA609577	SRR11301885	WIL_25
PRJNA609577	SRR11301886	WIL_6
PRJNA609577	SRR11301887	LH205
PRJNA609577	SRR11301888	Lx03_2
PRJNA609577	SRR11301889	DH40
PRJNA609577	SRR11301890	PH207
PRJNA609577	SRR11301891	Y223
PRJNA609577	SRR11301892	811A
PRJNA609577	SRR11301893	Fu8501
PRJNA609577	SRR11301894	Luosu3
PRJNA609577	SRR11301895	PHGG7
PRJNA609577	SRR11301896	OQ101
PRJNA609577	SRR11301897	MQ305
PRJNA609577	SRR11301898	LH195
PRJNA609577	SRR11301901	18_599
PRJNA609577	SRR11301902	PHH93
PRJNA609577	SRR11301903	Lv28
PRJNA609577	SRR11301904	Lv28
PRJNA609577	SRR11301905	LH193
PRJNA609577	SRR11301906	Zong31
PRJNA609577	SRR11301907	Zong31
PRJNA609577	SRR11301908	87_1
PRJNA609577	SRR11301909	87_1
PRJNA609577	SRR11301910	Wu109
PRJNA609577	SRR11301911	Wu109
PRJNA609577	SRR11301916	RS_710
PRJNA609577	SRR11301932	CS405
PRJNA609577	SRR11301933	CS405
PRJNA609577	SRR11301934	ICI_893
PRJNA609577	SRR11301935	ICI_893
PRJNA609577	SRR11301936	ICI_441
PRJNA609577	SRR11301937	K14
PRJNA609577	SRR11301938	ICI_441
PRJNA609577	SRR11301939	ICI_193
PRJNA609577	SRR11301940	ICI_193
PRJNA609577	SRR11301941	LH222
PRJNA609577	SRR11301942	LH222
PRJNA609577	SRR11301943	LH214
PRJNA609577	SRR11301944	LH214
PRJNA609577	SRR11301945	83IBI3
PRJNA609577	SRR11301946	83IBI3
PRJNA609577	SRR11301947	LIBC_4
PRJNA609577	SRR11301948	Weifeng322
PRJNA609577	SRR11301949	LIBC_4
PRJNA609577	SRR11301950	F118
PRJNA609577	SRR11301951	F118
PRJNA609577	SRR11301952	LH209
PRJNA609577	SRR11301953	LH209
PRJNA609577	SRR11301954	MBUB
PRJNA609577	SRR11301955	MBUB
PRJNA609577	SRR11301956	29MIBZ2
PRJNA609577	SRR11301961	PHM81
PRJNA609577	SRR11301962	LH206
PRJNA609577	SRR11301963	LH163
PRJNA609577	SRR11301964	LH127
PRJNA609577	SRR11301965	2FACC
PRJNA609577	SRR11301967	PHW43
PRJNA609577	SRR11301968	PHP55
PRJNA609577	SRR11301969	M14
PRJNA609577	SRR11301970	WIL_8
PRJNA609577	SRR11301971	WIL_7
PRJNA609577	SRR11301972	WIL_11
PRJNA609577	SRR11301973	Baiye4
PRJNA609577	SRR11301974	8723
PRJNA609577	SRR11301975	WIL_14
PRJNA609577	SRR11301976	WIL_3
PRJNA609577	SRR11301978	F42
PRJNA609577	SRR11301979	CT52C
PRJNA609577	SRR11301980	PHG35
PRJNA609577	SRR11301981	WIL_5
PRJNA609577	SRR11301982	Mo24W
PRJNA609577	SRR11301983	ML606
PRJNA609577	SRR11301984	ML606
PRJNA609577	SRR11301985	29MIBZ2
PRJNA609577	SRR11301986	PHR58
PRJNA609577	SRR11301987	C103
PRJNA609577	SRR11301989	PHR58
PRJNA609577	SRR11301995	PHN66
PRJNA609577	SRR11301997	PHJ90
PRJNA609577	SRR11301998	PHJ90
PRJNA609577	SRR11301999	B14
PRJNA609577	SRR11302005	PHJ89
PRJNA609577	SRR11302006	PHJ89
PRJNA609577	SRR11302007	Lp215D
PRJNA609577	SRR11302008	Lp215D
PRJNA609577	SRR11302010	Aiji205
PRJNA609577	SRR11302013	HuangC
PRJNA609577	SRR11302014	618
PRJNA609577	SRR11302016	HuangC
PRJNA609577	SRR11302017	Ernan24
PRJNA609577	SRR11302018	Ernan24
PRJNA609577	SRR11302019	H21
PRJNA609577	SRR11302020	H21
PRJNA609577	SRR11302021	5237
PRJNA609577	SRR11302022	5237
PRJNA609577	SRR11302023	485
PRJNA609577	SRR11302024	485
PRJNA609577	SRR11302025	9010
PRJNA609577	SRR11302026	Longkang1
PRJNA609577	SRR11302027	9010
PRJNA609577	SRR11302028	Dan360
PRJNA609577	SRR11302029	Dan360
PRJNA609577	SRR11302030	Liao9586
PRJNA609577	SRR11302031	Liao9586
PRJNA609577	SRR11302032	Si273
PRJNA609577	SRR11302033	Si273
PRJNA609577	SRR11302034	Ying64
PRJNA609577	SRR11302035	Ying64
PRJNA609577	SRR11302036	Dian11
PRJNA609577	SRR11302037	Diangu11A
PRJNA609577	SRR11302038	Dian11
PRJNA609577	SRR11302039	81565
PRJNA609577	SRR11302040	81565
PRJNA609577	SRR11302041	Ye8001
PRJNA609577	SRR11302042	Ye8001
PRJNA609577	SRR11302043	C8605_2
PRJNA609577	SRR11302044	C8605_2
PRJNA609577	SRR11302045	8902
PRJNA609577	SRR11302046	8902
PRJNA609577	SRR11302047	Huang428
PRJNA609577	SRR11302048	Ken44
PRJNA609577	SRR11302049	Huang428
PRJNA609577	SRR11302050	H152
PRJNA609577	SRR11302051	H152
PRJNA609577	SRR11302052	Danhuang02
PRJNA609577	SRR11302053	Danhuang02
PRJNA609577	SRR11302054	ZaC546
PRJNA609577	SRR11302055	ZaC546
PRJNA609577	SRR11302056	HZ85
PRJNA609577	SRR11302057	HZ85
PRJNA609577	SRR11302058	Dan599
PRJNA609577	SRR11302059	Dong17
PRJNA609577	SRR11302060	Oh43
PRJNA609577	SRR11302061	Cheng18
PRJNA609577	SRR11302062	7327
PRJNA609577	SRR11302063	Ji533
PRJNA609577	SRR11302064	Suwan1611
PRJNA609577	SRR11302065	Suwan1611
PRJNA609577	SRR11302066	Ye52106
PRJNA609577	SRR11302067	Ye52106
PRJNA609577	SRR11302068	Nan21_3
PRJNA609577	SRR11302070	H49
PRJNA609577	SRR11302073	Dan598
PRJNA609577	SRR11302074	Dan598
PRJNA609577	SRR11302075	Dan598
PRJNA609577	SRR11302080	A801
PRJNA609577	SRR11302086	WIL_19
PRJNA609577	SRR11302087	WIL_19
PRJNA609577	SRR11302088	WIL_19
PRJNA609577	SRR11302089	WIL_20
PRJNA609577	SRR11302090	WIL_20
PRJNA609577	SRR11302091	DH65232
PRJNA609577	SRR11302092	WIL_20
PRJNA609577	SRR11302096	LY16F
PRJNA609577	SRR11302099	WIL_17
PRJNA609577	SRR11302100	WIL_17
PRJNA609577	SRR11302101	WIL_17
PRJNA609577	SRR11302102	Baihunhuang
PRJNA609577	SRR11302103	WIL_18
PRJNA609577	SRR11302104	WIL_18
PRJNA609577	SRR11302105	WIL_18
PRJNA609577	SRR11302106	Jian1495b
PRJNA609577	SRR11302107	Jian1495b
PRJNA609577	SRR11302108	Jian1495b
PRJNA609577	SRR11302109	Jian1495a
PRJNA609577	SRR11302110	178
PRJNA609577	SRR11302111	Huangzaosi
PRJNA609577	SRR11302112	WIL_16
PRJNA609577	SRR11302113	Xu052
PRJNA609577	SRR11302114	Xun92_8
PRJNA609577	SRR11302115	Xun92_8
PRJNA609577	SRR11302116	Q1261
PRJNA609577	SRR11302117	Q1261
PRJNA609577	SRR11302118	Denghai4866
PRJNA609577	SRR11302119	Denghai4866
PRJNA609577	SRR11302120	32
PRJNA609577	SRR11302121	32
PRJNA609577	SRR11302122	Ye107
PRJNA609577	SRR11302123	Ye107
PRJNA609577	SRR11302124	PHWG5
PRJNA609577	SRR11302125	ICI_740
PRJNA609577	SRR11302126	912
PRJNA609577	SRR11302127	911
PRJNA609577	SRR11302128	PHR55
PRJNA609577	SRR11302129	PHW51
PRJNA609577	SRR11302130	LH192
PRJNA609577	SRR11302131	LH202
PRJNA609577	SRR11302132	S7913
PRJNA609577	SRR11302133	B12
PRJNA609577	SRR11302134	Ay420
PRJNA609577	SRR11302135	H105W
PRJNA609577	SRR11302136	WIL_27
PRJNA609577	SRR11302137	WIL_28
PRJNA609577	SRR11302138	WIL_26
PRJNA609577	SRR11302139	WIL_12
PRJNA609577	SRR11302140	WIL_13
PRJNA609577	SRR11302141	WIL_9
PRJNA609577	SRR11302142	WIL_10
PRJNA609577	SRR11302143	WIL_4
PRJNA609577	SRR11302144	B37
PRJNA609577	SRR11302145	Ji53
PRJNA609577	SRR11302147	Ye502
PRJNA609577	SRR11302148	WIL_1
PRJNA609577	SRR11302149	WIL_2
PRJNA609577	SRR11302150	A659
PRJNA609577	SRR11302151	Shuang741
PRJNA609577	SRR11302152	3H_2
PRJNA609577	SRR11302153	B98
PRJNA609577	SRR11302154	FusheA
PRJNA609577	SRR11302155	M9
PRJNA609577	SRR11302156	Yu82
PRJNA609577	SRR11302158	PHG39
PRJNA609577	SRR11302159	ZK11M
PRJNA609577	SRR11302160	PHT73
PRJNA609577	SRR11302161	LH213
PRJNA609577	SRR11302162	ZS01250
PRJNA609577	SRR11302163	ZS01250
PRJNA609577	SRR11302164	6M502A
PRJNA609577	SRR11302165	904
PRJNA609577	SRR11302166	904
PRJNA609577	SRR11302174	PHVA9
PRJNA609577	SRR11302175	PHT55
PRJNA609577	SRR11302176	PHVA9
PRJNA609577	SRR11302177	PHV53
PRJNA609577	SRR11302178	PHPR5
PRJNA609577	SRR11302179	PHP85
PRJNA609577	SRR11302180	OS602
PRJNA609577	SRR11302181	OS602
PRJNA609577	SRR11302182	OQ403
PRJNA609577	SRR11302183	OQ403
PRJNA609577	SRR11302186	Tian4
PRJNA609577	SRR11302189	LH191
PRJNA609577	SRR11302190	LH190
PRJNA609577	SRR11302191	27_263
PRJNA609577	SRR11302192	LH190
PRJNA609577	SRR11302193	LH160
PRJNA609577	SRR11302194	LH160
PRJNA609577	SRR11302195	PHN82
PRJNA609577	SRR11302196	PHN82
PRJNA609577	SRR11302197	E8501
PRJNA609577	SRR11302198	E8501
PRJNA641489	SRR12460347	ACC.29778
PRJNA641489	SRR12460348	ACC.12825
PRJNA641489	SRR12460349	ACC.29777
PRJNA641489	SRR12460350	ACC.29776
PRJNA641489	SRR12460351	ACC.29774
PRJNA641489	SRR12460352	ACC.8768
PRJNA641489	SRR12460353	ACC.29772
PRJNA641489	SRR12460354	ACC.29771
PRJNA641489	SRR12460355	ACC.29770
PRJNA641489	SRR12460356	ACC.29769
PRJNA641489	SRR12460357	ACC.29783
PRJNA641489	SRR12460358	ACC.29780
PRJNA641489	SRR12460359	ACC.29779
PRJNA641489	SRR12460360	ACC.29768
PRJNA641489	SRR12460361	ACC.27495
PRJNA641489	SRR12460362	ACC.27494
PRJNA641489	SRR12460363	ACC.8767
PRJNA641489	SRR12460364	ACC.27493
PRJNA641489	SRR12460365	ACC.27492
PRJNA641489	SRR12460366	ACC.27491
PRJNA641489	SRR12460367	ACC.27490
PRJNA641489	SRR12460368	ACC.27489
PRJNA641489	SRR12460369	ACC.27488
PRJNA641489	SRR12460370	ACC.27479b
PRJNA641489	SRR12460371	ACC.27481b
PRJNA641489	SRR12460372	ACC.27487
PRJNA641489	SRR12460373	ACC.27483
PRJNA641489	SRR12460374	ACC.8766
PRJNA641489	SRR12460375	ACC.27482
PRJNA641489	SRR12460376	ACC.8758
PRJNA641489	SRR12460377	ACC.8759
PRJNA641489	SRR12460378	ACC.8749
PRJNA641489	SRR12460379	ACC.11397
PRJNA641489	SRR12460380	ACC.11407
PRJNA641489	SRR12460381	ACC.11406
PRJNA641489	SRR12460382	ACC.11405
PRJNA641489	SRR12460383	ACC.11396
PRJNA641489	SRR12460384	ACC.8755
PRJNA641489	SRR12460385	ACC.11392
PRJNA641489	SRR12460386	ACC.11391
PRJNA641489	SRR12460387	ACC.11390
PRJNA641489	SRR12460388	ACC.11389
PRJNA641489	SRR12460389	ACC.11388
PRJNA641489	SRR12460390	ACC.11387
PRJNA641489	SRR12460391	ACC.11386
PRJNA641489	SRR12460392	ACC.11385
PRJNA641489	SRR12460393	ACC.11395
PRJNA641489	SRR12460394	ACC.11394
PRJNA641489	SRR12460395	ACC.8754
PRJNA641489	SRR12460396	ACC.11393
PRJNA641489	SRR12460397	ACC.11384
PRJNA641489	SRR12460398	ACC.11376
PRJNA641489	SRR12460399	ACC.11375
PRJNA641489	SRR12460400	ACC.11374
PRJNA641489	SRR12460401	ACC.11373
PRJNA641489	SRR12460402	ACC.11372
PRJNA641489	SRR12460403	ACC.11371
PRJNA641489	SRR12460404	ACC.11370
PRJNA641489	SRR12460405	ACC.11369
PRJNA641489	SRR12460406	ACC.8753
PRJNA641489	SRR12460407	ACC.11383
PRJNA641489	SRR12460408	ACC.11378
PRJNA641489	SRR12460409	ACC.11377
PRJNA641489	SRR12460410	ACC.11368
PRJNA641489	SRR12460411	ACC.11364
PRJNA641489	SRR12460412	ACC.11363
PRJNA641489	SRR12460413	ACC.11362
PRJNA641489	SRR12460414	ACC.11361
PRJNA641489	SRR12460415	ACC.11360
PRJNA641489	SRR12460416	ACC.11359
PRJNA641489	SRR12460417	ACC.8752
PRJNA641489	SRR12460418	ACC.11358
PRJNA641489	SRR12460419	ACC.11357
PRJNA641489	SRR12460420	ACC.11367
PRJNA641489	SRR12460421	ACC.11366
PRJNA641489	SRR12460422	ACC.11365
PRJNA641489	SRR12460423	ACC.11356
PRJNA641489	SRR12460424	ACC.11352
PRJNA641489	SRR12460425	ACC.11083
PRJNA641489	SRR12460426	ACC.10003
PRJNA641489	SRR12460427	ACC.9479
PRJNA641489	SRR12460428	ACC.8751
PRJNA641489	SRR12460429	ACC.9478
PRJNA641489	SRR12460430	ACC.9477
PRJNA641489	SRR12460431	ACC.9476
PRJNA641489	SRR12460432	ACC.9475
PRJNA641489	SRR12460433	ACC.11355
PRJNA641489	SRR12460434	ACC.11354
PRJNA641489	SRR12460435	ACC.12824
PRJNA641489	SRR12460436	ACC.12823
PRJNA641489	SRR12460437	ACC.11410
PRJNA641489	SRR12460438	ACC.11409
PRJNA641489	SRR12460439	ACC.13793
PRJNA641489	SRR12460440	ACC.13792
PRJNA641489	SRR12460441	ACC.13791
PRJNA641489	SRR12460442	ACC.11408
PRJNA641489	SRR12460443	ACC.11404
PRJNA641489	SRR12460444	ACC.11403
PRJNA641489	SRR12460445	ACC.8756
PRJNA641489	SRR12460446	ACC.11402
PRJNA641489	SRR12460447	ACC.11401
PRJNA641489	SRR12460448	ACC.11400
PRJNA641489	SRR12460449	ACC.11399
PRJNA641489	SRR12460450	ACC.11398
PRJNA641489	SRR12460451	ACC.11353
PRJNA641489	SRR12460452	ACC.8837
PRJNA641489	SRR12460453	ACC.8782
PRJNA641489	SRR12460454	ACC.8781
PRJNA641489	SRR12460455	ACC.8750
PRJNA641489	SRR12460456	ACC.8780
PRJNA641489	SRR12460457	ACC.8779
PRJNA641489	SRR12460458	ACC.8778
PRJNA641489	SRR12460459	ACC.8777
PRJNA641489	SRR12460460	ACC.8776
PRJNA641489	SRR12460461	ACC.8775
PRJNA641489	SRR12460462	ACC.8785
PRJNA641489	SRR12460463	ACC.8784
PRJNA641489	SRR12460464	ACC.8783
PRJNA641489	SRR12460465	ACC.8774
PRJNA641489	SRR12460466	ACC.8760
PRJNA641489	SRR12460467	ACC.8770
PRJNA641489	SRR12460469	ACC.29798
PRJNA641489	SRR12460470	ACC.29796
PRJNA641489	SRR12460471	ACC.29793
PRJNA641489	SRR12460472	ACC.8769
PRJNA641489	SRR12460473	ACC.29792
PRJNA641489	SRR12460474	ACC.29791
PRJNA641489	SRR12460475	ACC.29788
PRJNA641489	SRR12460476	ACC.29787
PRJNA641489	SRR12460477	ACC.29786
PRJNA641489	SRR12460478	ACC.29785
PRJNA641489	SRR12460479	ACC.27481a
PRJNA641489	SRR12460480	ACC.27479a
PRJNA641489	SRR12460481	ACC.27477
PRJNA641489	SRR12460482	ACC.27476
PRJNA641489	SRR12460483	ACC.27475
PRJNA641489	SRR12460484	ACC.27486
PRJNA641489	SRR12460485	ACC.27485
PRJNA641489	SRR12460486	ACC.27484
PRJNA641489	SRR12460487	ACC.27473
PRJNA641489	SRR12460488	ACC.8765
PRJNA641489	SRR12460489	ACC.27469
PRJNA641489	SRR12460490	ACC.27468
PRJNA641489	SRR12460491	ACC.27462
PRJNA641489	SRR12460492	ACC.27461
PRJNA641489	SRR12460493	ACC.27460
PRJNA641489	SRR12460494	ACC.27243
PRJNA641489	SRR12460495	ACC.27242
PRJNA641489	SRR12460496	ACC.27241
PRJNA641489	SRR12460497	ACC.27472
PRJNA641489	SRR12460498	ACC.27471
PRJNA641489	SRR12460499	ACC.8764
PRJNA641489	SRR12460500	ACC.27470
PRJNA641489	SRR12460501	ACC.27240
PRJNA641489	SRR12460502	ACC.27235
PRJNA641489	SRR12460503	ACC.27234
PRJNA641489	SRR12460504	ACC.27233
PRJNA641489	SRR12460505	ACC.27232
PRJNA641489	SRR12460506	ACC.27231
PRJNA641489	SRR12460507	ACC.27230
PRJNA641489	SRR12460508	ACC.27229
PRJNA641489	SRR12460509	ACC.27228
PRJNA641489	SRR12460510	ACC.8763
PRJNA641489	SRR12460511	ACC.27239
PRJNA641489	SRR12460512	ACC.27237
PRJNA641489	SRR12460513	ACC.27236
PRJNA641489	SRR12460514	ACC.27227
PRJNA641489	SRR12460515	ACC.27223
PRJNA641489	SRR12460516	ACC.27222
PRJNA641489	SRR12460517	ACC.27221
PRJNA641489	SRR12460518	ACC.27220
PRJNA641489	SRR12460519	ACC.27219
PRJNA641489	SRR12460520	ACC.27218
PRJNA641489	SRR12460521	ACC.8762
PRJNA641489	SRR12460522	ACC.27217
PRJNA641489	SRR12460523	ACC.27216
PRJNA641489	SRR12460524	ACC.27226
PRJNA641489	SRR12460525	ACC.27225
PRJNA641489	SRR12460526	ACC.27224
PRJNA641489	SRR12460527	ACC.27215
PRJNA641489	SRR12460528	ACC.13790
PRJNA641489	SRR12460529	ACC.13789
PRJNA641489	SRR12460530	ACC.13788
PRJNA260788	SRR1575495	B73
PRJNA260788	SRR1575496	CH10
PRJNA260788	SRR1575497	D06
PRJNA260788	SRR1575498	D09
PRJNA260788	SRR1575499	D152
PRJNA260788	SRR1575500	DK105
PRJNA260788	SRR1575501	EC169
PRJNA260788	SRR1575502	EC49A
PRJNA260788	SRR1575503	EP1
PRJNA260788	SRR1575504	EP44
PRJNA260788	SRR1575505	EZ5
PRJNA260788	SRR1575506	F03802
PRJNA260788	SRR1575507	F2
PRJNA260788	SRR1575508	F252
PRJNA260788	SRR1575509	F283
PRJNA260788	SRR1575510	F353
PRJNA260788	SRR1575511	F618
PRJNA260788	SRR1575512	F64
PRJNA260788	SRR1575513	F7
PRJNA260788	SRR1575514	F98902
PRJNA260788	SRR1575515	FF0721H-7
PRJNA260788	SRR1575516	Lo11
PRJNA260788	SRR1575517	Mo17
PRJNA260788	SRR1575518	PH207
PRJNA260788	SRR1575519	Teosinte
PRJNA260788	SRR1575520	UH006
PRJNA260788	SRR1575521	UH007
PRJNA260788	SRR1575522	UH009
PRJNA260788	SRR1575523	UH250
PRJNA260788	SRR1575524	UH304
PRJNA260788	SRR1575525	W117
PRJNA783885	SRR17045840	1014
PRJNA783885	SRR17045841	1013
PRJNA783885	SRR17045842	1012
PRJNA783885	SRR17045843	1011
PRJNA783885	SRR17045844	1010
PRJNA783885	SRR17045845	838
PRJNA783885	SRR17045846	1009
PRJNA783885	SRR17045847	1008
PRJNA783885	SRR17045848	1007
PRJNA783885	SRR17045849	1006
PRJNA783885	SRR17045850	1005
PRJNA783885	SRR17045851	1004
PRJNA783885	SRR17045852	1003
PRJNA783885	SRR17045853	1946
PRJNA783885	SRR17045854	1898
PRJNA783885	SRR17045855	1868
PRJNA783885	SRR17045856	837
PRJNA783885	SRR17045857	1867
PRJNA783885	SRR17045858	1862
PRJNA783885	SRR17045859	1859
PRJNA783885	SRR17045860	1810
PRJNA783885	SRR17045861	1777
PRJNA783885	SRR17045862	1759
PRJNA783885	SRR17045863	1755
PRJNA783885	SRR17045864	1754
PRJNA783885	SRR17045865	1740
PRJNA783885	SRR17045866	1727
PRJNA783885	SRR17045867	836
PRJNA783885	SRR17045868	1629
PRJNA783885	SRR17045869	1605
PRJNA783885	SRR17045870	1602
PRJNA783885	SRR17045871	1582
PRJNA783885	SRR17045872	1213
PRJNA783885	SRR17045873	1212
PRJNA783885	SRR17045874	1211
PRJNA783885	SRR17045875	1210
PRJNA783885	SRR17045876	1209
PRJNA783885	SRR17045877	14
PRJNA783885	SRR17045878	1208
PRJNA783885	SRR17045879	1207
PRJNA783885	SRR17045880	1206
PRJNA783885	SRR17045881	1205
PRJNA783885	SRR17045882	1204
PRJNA783885	SRR17045883	1203
PRJNA783885	SRR17045884	1202
PRJNA783885	SRR17045885	1201
PRJNA783885	SRR17045886	1200
PRJNA783885	SRR17045887	1199
PRJNA783885	SRR17045888	13
PRJNA783885	SRR17045889	1198
PRJNA783885	SRR17045890	1197
PRJNA783885	SRR17045891	1196
PRJNA783885	SRR17045892	1195
PRJNA783885	SRR17045893	1194
PRJNA783885	SRR17045894	1193
PRJNA783885	SRR17045895	1192
PRJNA783885	SRR17045896	1191
PRJNA783885	SRR17045897	1190
PRJNA783885	SRR17045898	1189
PRJNA783885	SRR17045899	12
PRJNA783885	SRR17045900	1188
PRJNA783885	SRR17045901	1187
PRJNA783885	SRR17045902	1186
PRJNA783885	SRR17045903	1185
PRJNA783885	SRR17045904	1184
PRJNA783885	SRR17045905	1183
PRJNA783885	SRR17045906	1182
PRJNA783885	SRR17045907	1181
PRJNA783885	SRR17045908	1180
PRJNA783885	SRR17045909	1179
PRJNA783885	SRR17045910	11
PRJNA783885	SRR17045911	1178
PRJNA783885	SRR17045912	1177
PRJNA783885	SRR17045913	1176
PRJNA783885	SRR17045914	1175
PRJNA783885	SRR17045915	1174
PRJNA783885	SRR17045916	1171
PRJNA783885	SRR17045917	1170
PRJNA783885	SRR17045918	1169
PRJNA783885	SRR17045919	1168
PRJNA783885	SRR17045920	1167
PRJNA783885	SRR17045921	1060
PRJNA783885	SRR17045922	1166
PRJNA783885	SRR17045923	1165
PRJNA783885	SRR17045924	1164
PRJNA783885	SRR17045925	1163
PRJNA783885	SRR17045926	1162
PRJNA783885	SRR17045927	1161
PRJNA783885	SRR17045928	1160
PRJNA783885	SRR17045929	1159
PRJNA783885	SRR17045930	1158
PRJNA783885	SRR17045931	1157
PRJNA783885	SRR17045932	10
PRJNA783885	SRR17045933	1156
PRJNA783885	SRR17045934	1155
PRJNA783885	SRR17045935	1154
PRJNA783885	SRR17045936	1123
PRJNA783885	SRR17045937	1121
PRJNA783885	SRR17045938	1120
PRJNA783885	SRR17045939	1119
PRJNA783885	SRR17045940	1118
PRJNA783885	SRR17045941	1117
PRJNA783885	SRR17045942	1116
PRJNA783885	SRR17045943	1115
PRJNA783885	SRR17045944	1114
PRJNA783885	SRR17045945	848
PRJNA783885	SRR17045946	1113
PRJNA783885	SRR17045947	1112
PRJNA783885	SRR17045948	1111
PRJNA783885	SRR17045949	1110
PRJNA783885	SRR17045950	1109
PRJNA783885	SRR17045951	1108
PRJNA783885	SRR17045952	1107
PRJNA783885	SRR17045953	1106
PRJNA783885	SRR17045954	1105
PRJNA783885	SRR17045955	1104
PRJNA783885	SRR17045956	847
PRJNA783885	SRR17045957	1103
PRJNA783885	SRR17045958	1102
PRJNA783885	SRR17045959	1101
PRJNA783885	SRR17045960	1100
PRJNA783885	SRR17045961	1099
PRJNA783885	SRR17045962	1098
PRJNA783885	SRR17045963	1097
PRJNA783885	SRR17045964	1096
PRJNA783885	SRR17045965	1095
PRJNA783885	SRR17045966	1094
PRJNA783885	SRR17045967	846
PRJNA783885	SRR17045968	1546
PRJNA783885	SRR17045969	1513
PRJNA783885	SRR17045970	1506
PRJNA783885	SRR17045971	1475
PRJNA783885	SRR17045972	1413
PRJNA783885	SRR17045973	1407
PRJNA783885	SRR17045974	835
PRJNA783885	SRR17045975	1394
PRJNA783885	SRR17045976	1385
PRJNA783885	SRR17045977	1383
PRJNA783885	SRR17045978	1371
PRJNA783885	SRR17045979	1335
PRJNA783885	SRR17045980	1329
PRJNA783885	SRR17045981	1322
PRJNA783885	SRR17045982	9
PRJNA783885	SRR17045983	8
PRJNA783885	SRR17045984	7
PRJNA783885	SRR17045985	834
PRJNA783885	SRR17045986	6
PRJNA783885	SRR17045987	5
PRJNA783885	SRR17045988	4
PRJNA783885	SRR17045989	3
PRJNA783885	SRR17045990	21
PRJNA783885	SRR17045991	20
PRJNA783885	SRR17045992	2666
PRJNA783885	SRR17045993	1282
PRJNA783885	SRR17045994	1280
PRJNA783885	SRR17045995	1279
PRJNA783885	SRR17045996	1278
PRJNA783885	SRR17045997	1277
PRJNA783885	SRR17045998	1276
PRJNA783885	SRR17045999	1274
PRJNA783885	SRR17046000	1273
PRJNA783885	SRR17046001	1272
PRJNA783885	SRR17046002	2
PRJNA783885	SRR17046003	1271
PRJNA783885	SRR17046004	1270
PRJNA783885	SRR17046005	1268
PRJNA783885	SRR17046006	1267
PRJNA783885	SRR17046007	1266
PRJNA783885	SRR17046008	1265
PRJNA783885	SRR17046009	1264
PRJNA783885	SRR17046010	1263
PRJNA783885	SRR17046011	1262
PRJNA783885	SRR17046012	1261
PRJNA783885	SRR17046013	19
PRJNA783885	SRR17046014	1260
PRJNA783885	SRR17046015	1259
PRJNA783885	SRR17046016	1258
PRJNA783885	SRR17046017	1257
PRJNA783885	SRR17046018	1256
PRJNA783885	SRR17046019	1255
PRJNA783885	SRR17046020	1254
PRJNA783885	SRR17046021	1253
PRJNA783885	SRR17046022	1252
PRJNA783885	SRR17046023	1251
PRJNA783885	SRR17046024	18
PRJNA783885	SRR17046025	1250
PRJNA783885	SRR17046026	1249
PRJNA783885	SRR17046027	1248
PRJNA783885	SRR17046028	1247
PRJNA783885	SRR17046029	1246
PRJNA783885	SRR17046030	1245
PRJNA783885	SRR17046031	1244
PRJNA783885	SRR17046032	1243
PRJNA783885	SRR17046033	1242
PRJNA783885	SRR17046034	1241
PRJNA783885	SRR17046035	17
PRJNA783885	SRR17046036	833
PRJNA783885	SRR17046037	1240
PRJNA783885	SRR17046038	1239
PRJNA783885	SRR17046039	1238
PRJNA783885	SRR17046040	1237
PRJNA783885	SRR17046041	1236
PRJNA783885	SRR17046042	1235
PRJNA783885	SRR17046043	1234
PRJNA783885	SRR17046044	1233
PRJNA783885	SRR17046045	1232
PRJNA783885	SRR17046046	1231
PRJNA783885	SRR17046047	16
PRJNA783885	SRR17046048	1230
PRJNA783885	SRR17046049	1229
PRJNA783885	SRR17046050	1228
PRJNA783885	SRR17046051	1227
PRJNA783885	SRR17046052	1226
PRJNA783885	SRR17046053	1225
PRJNA783885	SRR17046054	1223
PRJNA783885	SRR17046055	1221
PRJNA783885	SRR17046056	1220
PRJNA783885	SRR17046057	1219
PRJNA783885	SRR17046058	15
PRJNA783885	SRR17046059	1218
PRJNA783885	SRR17046060	1217
PRJNA783885	SRR17046061	1216
PRJNA783885	SRR17046062	1215
PRJNA783885	SRR17046063	1214
PRJNA783885	SRR17046064	1093
PRJNA783885	SRR17046065	1092
PRJNA783885	SRR17046066	1091
PRJNA783885	SRR17046067	1090
PRJNA783885	SRR17046068	1089
PRJNA783885	SRR17046069	1088
PRJNA783885	SRR17046070	1087
PRJNA783885	SRR17046071	1086
PRJNA783885	SRR17046072	1085
PRJNA783885	SRR17046073	1084
PRJNA783885	SRR17046074	845
PRJNA783885	SRR17046075	1083
PRJNA783885	SRR17046076	1082
PRJNA783885	SRR17046077	1081
PRJNA783885	SRR17046078	1080
PRJNA783885	SRR17046079	1079
PRJNA783885	SRR17046080	1078
PRJNA783885	SRR17046081	1077
PRJNA783885	SRR17046082	1076
PRJNA783885	SRR17046083	1075
PRJNA783885	SRR17046084	1073
PRJNA783885	SRR17046085	844
PRJNA783885	SRR17046086	1072
PRJNA783885	SRR17046087	1070
PRJNA783885	SRR17046088	1069
PRJNA783885	SRR17046089	1068
PRJNA783885	SRR17046090	1067
PRJNA783885	SRR17046091	1066
PRJNA783885	SRR17046092	1065
PRJNA783885	SRR17046093	1064
PRJNA783885	SRR17046094	1063
PRJNA783885	SRR17046095	1062
PRJNA783885	SRR17046096	1030
PRJNA783885	SRR17046097	1029
PRJNA783885	SRR17046098	1028
PRJNA783885	SRR17046099	1027
PRJNA783885	SRR17046100	1026
PRJNA783885	SRR17046101	1025
PRJNA783885	SRR17046102	1024
PRJNA783885	SRR17046103	1023
PRJNA783885	SRR17046104	1022
PRJNA783885	SRR17046105	1021
PRJNA783885	SRR17046106	839
PRJNA783885	SRR17046107	1019
PRJNA783885	SRR17046108	1018
PRJNA783885	SRR17046109	1017
PRJNA783885	SRR17046110	1016
PRJNA783885	SRR17046111	1015
PRJNA783885	SRR17046112	1153
PRJNA783885	SRR17046113	1152
PRJNA783885	SRR17046114	1151
PRJNA783885	SRR17046115	1150
PRJNA783885	SRR17046116	1149
PRJNA783885	SRR17046117	1148
PRJNA783885	SRR17046118	1147
PRJNA783885	SRR17046119	1
PRJNA783885	SRR17046120	1145
PRJNA783885	SRR17046121	1144
PRJNA783885	SRR17046122	1143
PRJNA783885	SRR17046123	1142
PRJNA783885	SRR17046124	1141
PRJNA783885	SRR17046125	1140
PRJNA783885	SRR17046126	1139
PRJNA783885	SRR17046127	1138
PRJNA783885	SRR17046128	1136
PRJNA783885	SRR17046129	1135
PRJNA783885	SRR17046130	850
PRJNA783885	SRR17046131	832
PRJNA783885	SRR17046132	1134
PRJNA783885	SRR17046133	1133
PRJNA783885	SRR17046134	1132
PRJNA783885	SRR17046135	1131
PRJNA783885	SRR17046136	1130
PRJNA783885	SRR17046137	1129
PRJNA783885	SRR17046138	1128
PRJNA783885	SRR17046139	1127
PRJNA783885	SRR17046140	1126
PRJNA783885	SRR17046141	1125
PRJNA783885	SRR17046142	849
PRJNA783885	SRR17046143	1124
PRJNA783885	SRR17046144	843
PRJNA783885	SRR17046145	1061
PRJNA783885	SRR17046146	1059
PRJNA783885	SRR17046147	1058
PRJNA783885	SRR17046148	1057
PRJNA783885	SRR17046149	1056
PRJNA783885	SRR17046150	1055
PRJNA783885	SRR17046151	1054
PRJNA783885	SRR17046152	1053
PRJNA783885	SRR17046153	1052
PRJNA783885	SRR17046154	1051
PRJNA783885	SRR17046155	842
PRJNA783885	SRR17046156	1050
PRJNA783885	SRR17046157	1049
PRJNA783885	SRR17046158	1048
PRJNA783885	SRR17046159	1047
PRJNA783885	SRR17046160	1046
PRJNA783885	SRR17046161	1045
PRJNA783885	SRR17046162	1044
PRJNA783885	SRR17046163	1043
PRJNA783885	SRR17046164	1042
PRJNA783885	SRR17046165	1041
PRJNA783885	SRR17046166	841
PRJNA783885	SRR17046167	1040
PRJNA783885	SRR17046168	1039
PRJNA783885	SRR17046169	1038
PRJNA783885	SRR17046170	1037
PRJNA783885	SRR17046171	1036
PRJNA783885	SRR17046172	1035
PRJNA783885	SRR17046173	1034
PRJNA783885	SRR17046174	1033
PRJNA783885	SRR17046175	1032
PRJNA783885	SRR17046176	1031
PRJNA783885	SRR17046177	840
PRJNA783885	SRR17046178	831
PRJNA783885	SRR17046179	830
PRJNA816255	SRR18441530	PI 306617
PRJNA816255	SRR18441531	PI 306615
PRJNA816255	SRR18441532	Ames 21879
PRJNA816255	SRR18441533	Ames 21878
PRJNA816255	SRR18441534	Ames 21877
PRJNA816255	SRR18441535	Ames 21867
PRJNA816255	SRR18441536	RIMH001
PRJNA816255	SRR18441537	RRA-14
PRJNA816255	SRR18441538	RID0009
PRJNA816255	SRR18441539	Ames 21865
PRJNA816255	SRR18441540	RID0008
PRJNA816255	SRR18441541	RID0007
PRJNA816255	SRR18441542	RID0006
PRJNA816255	SRR18441543	RID0005
PRJNA816255	SRR18441544	PI 462368
PRJNA816255	SRR18441545	PI 441932
PRJNA816255	SRR18441546	PI 441931
PRJNA816255	SRR18441547	PI 441929
PRJNA816255	SRR18441548	Ames 2317
PRJNA816255	SRR18441549	Ames 21884
PRJNA816255	SRR18441550	Ames 21864
PRJNA816255	SRR18441551	Ames 21882
PRJNA816255	SRR18441552	Ames 21875
PRJNA816255	SRR18441553	Ames 21874
PRJNA816255	SRR18441554	Ames 21873
PRJNA816255	SRR18441555	Ames 21872
PRJNA816255	SRR18441556	Ames 21871
PRJNA816255	SRR18441557	Ames 21870
PRJNA816255	SRR18441558	RIN1
PRJNA816255	SRR18441559	RIL2
PRJNA816255	SRR18441560	RIL003
PRJNA816255	SRR18441561	Ames 21863
PRJNA816255	SRR18458783	5D3_2
PRJNA816255	SRR18458784	5D2_5
PRJNA816255	SRR18458785	5D2_3
PRJNA816255	SRR18458786	5D2_2
PRJNA816255	SRR18458787	5D1_5
PRJNA816255	SRR18458788	5D1_3
PRJNA816255	SRR18458789	5D1_2
PRJNA816255	SRR18458790	Hmes-21875
PRJNA816255	SRR18458791	5D2
PRJNA816255	SRR18458792	5D1
PRJNA816255	SRR18458793	6E6
PRJNA816255	SRR18458794	5D7_5
PRJNA816255	SRR18458795	6E6_5
PRJNA816255	SRR18458796	5D7_3
PRJNA816255	SRR18458797	5D7_2
PRJNA816255	SRR18458798	5D6_5
PRJNA816255	SRR18458799	5D6_3
PRJNA816255	SRR18458800	5D6_2
PRJNA816255	SRR18458801	5D5_5
PRJNA816255	SRR18458802	5D5_3
PRJNA816255	SRR18458803	5D5_2
PRJNA816255	SRR18458804	5D3_5
PRJNA816255	SRR18458805	5D3_3
PRJNA816255	SRR18458806	6E6_3
PRJNA816255	SRR18458807	6E6_2
PRJNA260788	SRR2527695	F283
PRJNA260788	SRR2527696	F353
PRJNA300309	SRR2858648	RIMMA0383
PRJNA300309	SRR2858657	RIMMA0383
PRJNA300309	SRR2859791	RIMMA0384
PRJNA300309	SRR2859793	RIMMA0384
PRJNA300309	SRR2859795	RIMMA0387
PRJNA300309	SRR2859796	RIMMA0387
PRJNA300309	SRR2886831	RIMMA0415
PRJNA300309	SRR2886832	RIMMA0415
PRJNA300309	SRR2886833	RIMMA0670
PRJNA300309	SRR2886834	RIMMA0670
PRJNA300309	SRR2886856	RIMMA0672
PRJNA300309	SRR2886869	RIMMA0672
PRJNA300309	SRR2886873	RIMMA0720
PRJNA300309	SRR2886874	RIMMA0720
PRJNA300309	SRR2886875	RIMMA1007
PRJNA300309	SRR2886876	RIMMA1007
PRJNA300309	SRR2886877	RIMMA1012
PRJNA300309	SRR2886878	RIMMA1012
PRJNA300309	SRR2886904	RIMMA0390
PRJNA300309	SRR2886906	RIMMA0390
PRJNA300309	SRR2889568	RIMMA0392
PRJNA300309	SRR2889569	RIMMA0392
PRJNA300309	SRR2889570	RIMMA0393
PRJNA300309	SRR2889571	RIMMA0393
PRJNA300309	SRR2889573	RIMMA0409
PRJNA300309	SRR2889574	RIMMA0409
PRJNA300309	SRR2889575	RIMMA0421
PRJNA300309	SRR2889576	RIMMA0421
PRJNA300309	SRR2889577	RIMMA0662
PRJNA300309	SRR2889578	RIMMA0662
PRJNA300309	SRR2889579	RIMMA0703
PRJNA300309	SRR2889580	RIMMA0703
PRJNA300309	SRR2889581	RIMMA0399
PRJNA300309	SRR2889583	RIMMA0399
PRJNA300309	SRR2889669	RIMMA0395
PRJNA300309	SRR2889670	RIMMA0395
PRJNA300309	SRR2889672	RIMMA0395
PRJNA300309	SRR2889674	RIMMA0395
PRJNA300309	SRR2889676	RIMMA0398
PRJNA300309	SRR2889677	RIMMA0398
PRJNA300309	SRR2889678	RIMMA0398
PRJNA300309	SRR2889688	RIMMA0466
PRJNA300309	SRR2889689	RIMMA0466
PRJNA300309	SRR2889690	RIMMA0466
PRJNA300309	SRR2889702	RIMMA0625
PRJNA300309	SRR2889703	RIMMA0625
PRJNA300309	SRR2889704	RIMMA0625
PRJNA300309	SRR2889705	RIMMA0625
PRJNA300309	SRR2889706	RIMMA0438
PRJNA300309	SRR2889707	RIMMA0438
PRJNA300309	SRR2889708	RIMMA0438
PRJNA300309	SRR2889709	RIMMA0438
PRJNA300309	SRR2889710	RIMMA1008
PRJNA300309	SRR2889711	RIMMA1008
PRJNA300309	SRR2890159	RIMMA0626
PRJNA300309	SRR2890160	RIMMA0626
PRJNA300309	SRR2890161	RIMMA0677
PRJNA300309	SRR2890162	RIMMA0677
PRJNA300309	SRR2890163	RIMMA0733
PRJNA300309	SRR2890164	RIMMA0733
PRJNA300309	SRR2890165	RIMMA1010
PRJNA300309	SRR2890166	RIMMA1010
PRJNA300309	SRR2890167	RIMMA0468
PRJNA300309	SRR2890168	RIMMA0468
PRJNA300309	SRR2890169	RIMMA0665
PRJNA300309	SRR2890171	RIMMA0665
PRJNA300309	SRR2890172	RIMMA0385
PRJNA300309	SRR2890173	RIMMA0385
PRJNA300309	SRR2891008	RIMMA0703
PRJNA300309	SRR2891009	RIMMA0703
PRJNA300309	SRR2891010	RIMMA0703
PRJNA300309	SRR2891011	RIMMA0703
PRJNA352392	SRR4999771	Tehuacan162
PRJNA389800	SRR5663770	282set_Ms71
PRJNA389800	SRR5663782	282set_VaW6
PRJNA389800	SRR5664041	282set_B57
PRJNA389800	SRR5725631	282set_B103
PRJNA389800	SRR5725639	282set_VA102
PRJNA389800	SRR5725654	282set_H91
PRJNA389800	SRR5725655	282set_H95
PRJNA389800	SRR5725657	282set_HP301
PRJNA389800	SRR5725663	282set_A679
PRJNA389800	SRR5725665	282set_A654
PRJNA389800	SRR5725666	282set_A641
PRJNA389800	SRR5725669	282set_A632
PRJNA389800	SRR5725672	282set_A634
PRJNA389800	SRR5725675	282set_T8
PRJNA389800	SRR5725679	282set_NC336
PRJNA389800	SRR5725680	282set_NC328
PRJNA389800	SRR5725688	282set_IDS91
PRJNA389800	SRR5725689	282set_IDS69
PRJNA389800	SRR5725694	282set_4722
PRJNA389800	SRR5725707	282set_Ki21
PRJNA389800	SRR5725723	282set_R177
PRJNA389800	SRR5725735	282set_CML158Q
PRJNA389800	SRR5725749	282set_L578
PRJNA389800	SRR5725763	282set_Os420
PRJNA389800	SRR5725787	282set_Tzi18
PRJNA389800	SRR5725795	282set_A441-5
PRJNA389800	SRR5725796	282set_A239
PRJNA389800	SRR5725801	282set_38-11Goodman-Buckler
PRJNA389800	SRR5725803	282set_CML331
PRJNA389800	SRR5725812	282set_VaW6
PRJNA389800	SRR5725822	282set_Mt42
PRJNA389800	SRR5725823	282set_Ms71
PRJNA389800	SRR5725824	282set_Ms71
PRJNA389800	SRR5725829	282set_Sg1533
PRJNA389800	SRR5725844	282set_CML77
PRJNA389800	SRR5725845	282set_CML69
PRJNA389800	SRR5725848	282set_B79
PRJNA389800	SRR5725852	282set_C103
PRJNA389800	SRR5725853	282set_B84
PRJNA389800	SRR5725855	282set_C123
PRJNA389800	SRR5725858	282set_CI187-2
PRJNA389800	SRR5725873	282set_D940Y
PRJNA389800	SRR5725877	282set_CO255
PRJNA389800	SRR5725887	282set_Va59
PRJNA389800	SRR5725891	282set_B57
PRJNA389800	SRR5725900	282set_NC262
PRJNA389800	SRR5725902	282set_NC258
PRJNA389800	SRR5725906	282set_CML311
PRJNA389800	SRR5725930	282set_A682
PRJNA399729	SRR5962624	hmp3_ZEAxppRDLDIAAPEI-2
PRJNA399729	SRR5962636	hmp3_MAIdgiRAWDIAAPEI-5
PRJNA399729	SRR5962637	hmp3_MAIdgiRAXDIAAPEI-6
PRJNA399729	SRR5962639	hmp3_MAIdgiRAYDIAAPEI-7
PRJNA399729	SRR5962641	hmp3_MAIdgiRAYDIAAPEI-7
PRJNA399729	SRR5962647	hmp3_ZEAxppRDHDIAAPEI-12
PRJNA399729	SRR5962665	hmp3_MAIdgiRCIDIAAPEI-7
PRJNA399729	SRR5962671	hmp3_ZEAxppRCWDIAAPEI-3
PRJNA399729	SRR5962672	hmp3_ZEAxppRCXDIAAPEI-4
PRJNA399729	SRR5962673	hmp3_ZEAxppRCXDIAAPEI-4
PRJNA399729	SRR5962675	hmp3_ZEAxppRCUDIAAPEI-1
PRJNA399729	SRR5962677	hmp3_ZEAxppRCVDIAAPEI-2
PRJNA399729	SRR5962679	hmp3_ZEAxppRCYDIAAPEI-5
PRJNA399729	SRR5962681	hmp3_MAIdgiRCKDIAAPEI-9
PRJNA399729	SRR5962682	hmp3_ZEAxujRBCDIBAPE
PRJNA399729	SRR5962693	hmp3_MAIdgiRAPDIAAPEI-12
PRJNA399729	SRR5962694	hmp3_MAIdgiRAPDIAAPEI-12
PRJNA399729	SRR5962700	hmp3_MAIdgiRAMDIAAPEI-10
PRJNA399729	SRR5962709	hmp3_MAIdgiRABDIAAPEI-2
PRJNA399729	SRR5962714	hmp3_ZEAxppRCODIAAPEI-9
PRJNA399729	SRR5962715	hmp3_ZEAxppRCODIAAPEI-9
PRJNA399729	SRR5962716	hmp3_ZEAxppRCODIAAPEI-9
PRJNA399729	SRR5962717	hmp3_ZEAxppRCJDIAAPEI-7
PRJNA399729	SRR5962719	hmp3_ZEAxppRCPDIAAPEI-10
PRJNA399729	SRR5962720	hmp3_ZEAxppRCPDIAAPEI-10
PRJNA399729	SRR5962721	hmp3_ZEAxppRCPDIAAPEI-10
PRJNA399729	SRR5962738	hmp3_MAIdgiRAWDIAAPEI-5
PRJNA399729	SRR5962739	hmp3_MAIdgiRARDIAAPEI-1
PRJNA399729	SRR5962742	hmp3_ZEAxujRAWDIAAPE
PRJNA399729	SRR5962745	hmp3_MAIdgiRAVDIAAPEI-4
PRJNA399729	SRR5962746	hmp3_MAIdgiRAVDIAAPEI-4
PRJNA399729	SRR5962747	hmp3_ZEAxppRCHDIAAPEI-6
PRJNA399729	SRR5962749	hmp3_ZEAxppRCGDIAAPEI-5
PRJNA399729	SRR5962750	hmp3_ZEAxppRCHDIAAPEI-6
PRJNA399729	SRR5962751	hmp3_ZEAxppRCFDIAAPEI-4
PRJNA399729	SRR5962752	hmp3_ZEAxppRCGDIAAPEI-5
PRJNA399729	SRR5962755	hmp3_ZEAxppRCBDIAAPEI-3
PRJNA399729	SRR5962756	hmp3_ZEAxppRCDDIAAPEI-12
PRJNA399729	SRR5962764	hmp3_ZEAxppRAZDIAAPEI-7
PRJNA399729	SRR5962766	hmp3_ZEAxppRBCDIAAPEI-2
PRJNA399729	SRR5962780	hmp3_ZEAxppRCBDIAAPEI-3
PRJNA399729	SRR5962785	hmp3_ZEAxppRBYDIAAPEI-2
PRJNA399729	SRR5962788	hmp3_ZEAxppRBUDIAAPEI-5
PRJNA399729	SRR5962818	hmp3_MAIdgiRAKDIAAPEI-9
PRJNA399729	SRR5962819	hmp3_MAIdgiRAKDIAAPEI-9
PRJNA399729	SRR5962830	hmp3_ZEAxppRAFDIAAPEI-5
PRJNA399729	SRR5962836	hmp3_ZEAxppRAHDIAAPEI-6
PRJNA399729	SRR5962862	hmp3_ZEAxppRATDIAAPEI-12
PRJNA399729	SRR5962864	hmp3_ZEAxppRAUDIAAPEI-1
PRJNA399729	SRR5962866	hmp3_ZEAxppRANDIAAPEI-10
PRJNA399729	SRR5976220	A272
PRJNA399729	SRR5976229	CML103
PRJNA399729	SRR5976250	CML69
PRJNA399729	SRR5976252	CML69
PRJNA399729	SRR5976253	CML69
PRJNA399729	SRR5976255	CML69
PRJNA399729	SRR5976276	Oh40B
PRJNA399729	SRR5976302	Mo17
PRJNA399729	SRR5976309	TIL15
PRJNA399729	SRR5976310	TIL25-TIP489.2
PRJNA399729	SRR5976317	M37W
PRJNA399729	SRR5976322	MM-1A
PRJNA399729	SRR5976325	W22
PRJNA399729	SRR5976354	Tx601
PRJNA399729	SRR5976424	Ki3
PRJNA399729	SRR5976469	Ki21
PRJNA399729	SRR5976474	N6
PRJNA399729	SRR5976491	TIL14-TIP498.2
PRJNA399729	SRR5976492	TIL09
PRJNA399729	SRR5976493	TIL10
PRJNA399729	SRR5976494	TIL03
PRJNA399729	SRR5976495	TIL05
PRJNA399729	SRR5976496	RIMMA0438
PRJNA399729	SRR5976497	TIL01
PRJNA399729	SRR5976511	TIL11
PRJNA399729	SRR5991979	B73
PRJNA479960	SRR7477667	Z66
PRJNA479960	SRR7477668	Z65
PRJNA479960	SRR7477670	Z67
PRJNA479960	SRR7477671	Arica5
PRJNA479960	SRR7477672	Arica4
PRJNA479960	SRR7477673	Z6
PRJNA479960	SRR7477674	Z2
PRJNA531553	SRR8906635	526018
PRJNA531553	SRR8906636	CML229
PRJNA531553	SRR8906637	CIMBL29
PRJNA531553	SRR8906638	CML480
PRJNA531553	SRR8906639	CIMBL111
PRJNA531553	SRR8906640	BT1
PRJNA531553	SRR8906641	CML168
PRJNA531553	SRR8906642	CML360
PRJNA531553	SRR8906643	CML426
PRJNA531553	SRR8906644	CML223
PRJNA531553	SRR8906645	SW1611
PRJNA531553	SRR8906646	CIMBL146
PRJNA531553	SRR8906647	CML163
PRJNA531553	SRR8906648	CIMBL51
PRJNA531553	SRR8906649	CIMBL16
PRJNA531553	SRR8906650	CML189
PRJNA531553	SRR8906651	CML497
PRJNA531553	SRR8906652	P138
PRJNA531553	SRR8906653	CIMBL155
PRJNA531553	SRR8906654	CIMBL15
PRJNA531553	SRR8906655	CIMBL39
PRJNA531553	SRR8906656	PH4VC
PRJNA531553	SRR8906657	04K5702
PRJNA531553	SRR8906658	GEMS55
PRJNA531553	SRR8906659	TX5
PRJNA531553	SRR8906660	ZHENG58
PRJNA531553	SRR8906661	JI846
PRJNA531553	SRR8906662	9642
PRJNA531553	SRR8906663	GEMS36
PRJNA531553	SRR8906664	BY815
PRJNA531553	SRR8906665	W138
PRJNA531553	SRR8906666	H21
PRJNA531553	SRR8906667	CIMBL137
PRJNA531553	SRR8906668	BK
PRJNA531553	SRR8906669	CIMBL149
PRJNA531553	SRR8906670	CIMBL37
PRJNA531553	SRR8906671	CML433
PRJNA531553	SRR8906672	CIMBL18
PRJNA531553	SRR8906673	CIMBL140
PRJNA531553	SRR8906674	CIMBL135
PRJNA531553	SRR8906675	CIMBL28
PRJNA531553	SRR8906676	CIMBL109
PRJNA531553	SRR8906677	CIMBL31
PRJNA531553	SRR8906678	CIMBL110
PRJNA531553	SRR8906679	CIMBL92
PRJNA531553	SRR8906680	ZHENG653
PRJNA531553	SRR8906681	ZHI41
PRJNA531553	SRR8906682	LIAO5114
PRJNA531553	SRR8906683	JI63
PRJNA531553	SRR8906684	LY
PRJNA531553	SRR8906685	TY1
PRJNA531553	SRR8906686	R08
PRJNA531553	SRR8906687	GEMS56
PRJNA531553	SRR8906688	04K5686
PRJNA531553	SRR8906689	SY1035
PRJNA531553	SRR8906690	8902
PRJNA531553	SRR8906691	FCD0602
PRJNA531553	SRR8906692	GEMS30
PRJNA531553	SRR8906693	ZONG31
PRJNA531553	SRR8906694	GEMS21
PRJNA531553	SRR8906695	RY737
PRJNA531553	SRR8906696	DSB
PRJNA531553	SRR8906697	JIAO51
PRJNA531553	SRR8906698	177
PRJNA531553	SRR8906699	GEMS40
PRJNA531553	SRR8906700	GEMS45
PRJNA531553	SRR8906701	GEMS12
PRJNA531553	SRR8906702	SHEN5003
PRJNA531553	SRR8906703	GEMS32
PRJNA531553	SRR8906704	GEMS35
PRJNA531553	SRR8906705	XI502
PRJNA531553	SRR8906706	B77
PRJNA531553	SRR8906707	GEMS49
PRJNA531553	SRR8906708	RY713
PRJNA531553	SRR8906709	WU109
PRJNA531553	SRR8906710	CIMBL96
PRJNA531553	SRR8906711	CIMBL53
PRJNA531553	SRR8906712	CML134
PRJNA531553	SRR8906713	CIMBL131
PRJNA531553	SRR8906714	CML300
PRJNA531553	SRR8906715	CML51
PRJNA531553	SRR8906716	S37
PRJNA531553	SRR8906717	CML29
PRJNA531553	SRR8906718	CIMBL25
PRJNA531553	SRR8906719	CIMBL11
PRJNA531553	SRR8906720	CML290
PRJNA531553	SRR8906721	CIMBL54
PRJNA531553	SRR8906722	CML172
PRJNA531553	SRR8906723	CIMBL33
PRJNA531553	SRR8906724	SHEN137
PRJNA531553	SRR8906725	CML451
PRJNA531553	SRR8906726	CIMBL10
PRJNA531553	SRR8906727	CML486
PRJNA531553	SRR8906728	CML493
PRJNA531553	SRR8906729	CIMBL127
PRJNA531553	SRR8906730	CML364
PRJNA531553	SRR8906731	CIMBL132
PRJNA531553	SRR8906732	CML454
PRJNA531553	SRR8906733	CIMBL59
PRJNA531553	SRR8906734	CML113
PRJNA531553	SRR8906735	CML415
PRJNA531553	SRR8906736	CIMBL45
PRJNA531553	SRR8906737	CIMBL7
PRJNA531553	SRR8906738	CML423
PRJNA531553	SRR8906739	CIMBL70
PRJNA531553	SRR8906740	CIMBL46
PRJNA531553	SRR8906741	238
PRJNA531553	SRR8906742	GEMS14
PRJNA531553	SRR8906743	GEMS60
PRJNA531553	SRR8906744	EN25
PRJNA531553	SRR8906745	CY72
PRJNA531553	SRR8906746	BZN
PRJNA531553	SRR8906747	GEMS52
PRJNA531553	SRR8906748	JH59
PRJNA531553	SRR8906749	DH3732
PRJNA531553	SRR8906750	CIMBL87
PRJNA531553	SRR8906751	150
PRJNA531553	SRR8906752	GY386
PRJNA531553	SRR8906753	CIMBL24
PRJNA531553	SRR8906754	CIMBL153
PRJNA531553	SRR8906755	CIMBL143
PRJNA531553	SRR8906756	CIMBL65
PRJNA531553	SRR8906757	M97
PRJNA531553	SRR8906758	R15
PRJNA531553	SRR8906759	ZHENG32
PRJNA531553	SRR8906760	TY4
PRJNA531553	SRR8906761	BS16
PRJNA531553	SRR8906762	B111
PRJNA531553	SRR8906763	BY807
PRJNA531553	SRR8906764	U8112
PRJNA531553	SRR8906765	GEMS29
PRJNA531553	SRR8906766	1323
PRJNA531553	SRR8906767	TY5
PRJNA531553	SRR8906768	RY697
PRJNA531553	SRR8906769	SY1077
PRJNA531553	SRR8906770	K12
PRJNA531553	SRR8906771	JI842
PRJNA531553	SRR8906772	GEMS66
PRJNA531553	SRR8906773	ZHENG35
PRJNA531553	SRR8906774	GY386B
PRJNA531553	SRR8906775	GEMS51
PRJNA531553	SRR8906776	CIMBL21
PRJNA531553	SRR8906777	CIMBL118
PRJNA531553	SRR8906778	CIMBL99
PRJNA531553	SRR8906779	CML286
PRJNA531553	SRR8906780	CML169
PRJNA531553	SRR8906781	CIMBL56
PRJNA531553	SRR8906782	CIMBL49
PRJNA531553	SRR8906783	CIMBL154
PRJNA531553	SRR8906784	CML228
PRJNA531553	SRR8906785	CML165
PRJNA531553	SRR8906786	K22
PRJNA531553	SRR8906787	18-599
PRJNA531553	SRR8906788	ZHENG28
PRJNA531553	SRR8906789	CIMBL84
PRJNA531553	SRR8906790	CML31
PRJNA531553	SRR8906791	CIMBL77
PRJNA531553	SRR8906792	CML324
PRJNA531553	SRR8906793	CIMBL124
PRJNA531553	SRR8906794	CIMBL68
PRJNA531553	SRR8906795	CIMBL71
PRJNA531553	SRR8906796	CIMBL34
PRJNA531553	SRR8906797	CIMBL69
PRJNA531553	SRR8906798	CIMBL23
PRJNA531553	SRR8906799	CIMBL121
PRJNA531553	SRR8906800	CML118
PRJNA531553	SRR8906801	CIMBL156
PRJNA531553	SRR8906802	CML470
PRJNA531553	SRR8906803	CML411
PRJNA531553	SRR8906804	CIMBL107
PRJNA531553	SRR8906805	CIMBL98
PRJNA531553	SRR8906806	CIMBL100
PRJNA531553	SRR8906807	CIMBL150
PRJNA531553	SRR8906808	CIMBL35
PRJNA531553	SRR8906809	CML428
PRJNA531553	SRR8906810	CIMBL115
PRJNA531553	SRR8906811	CML305
PRJNA531553	SRR8906812	CIMBL82
PRJNA531553	SRR8906813	CIMBL57
PRJNA531553	SRR8906814	CIMBL91
PRJNA531553	SRR8906815	CIMBL43
PRJNA531553	SRR8906816	CML121
PRJNA531553	SRR8906817	CIMBL27
PRJNA531553	SRR8906818	CIMBL102
PRJNA531553	SRR8906819	TY9
PRJNA531553	SRR8906820	GEMS3
PRJNA531553	SRR8906821	9782
PRJNA531553	SRR8906822	303WX
PRJNA531553	SRR8906823	GEMS10
PRJNA531553	SRR8906824	GEMS62
PRJNA531553	SRR8906825	7381
PRJNA531553	SRR8906826	GEMS4
PRJNA531553	SRR8906827	K10
PRJNA531553	SRR8906828	1462
PRJNA531553	SRR8906829	ZHENG29
PRJNA531553	SRR8906830	K14
PRJNA531553	SRR8906831	LIAO5262
PRJNA531553	SRR8906832	GEMS31
PRJNA531553	SRR8906833	GY923
PRJNA531553	SRR8906834	TY6
PRJNA531553	SRR8906835	384-2
PRJNA531553	SRR8906836	HYS
PRJNA531553	SRR8906837	LY042
PRJNA531553	SRR8906838	5311
PRJNA531553	SRR8906839	BY843
PRJNA531553	SRR8906840	DAN340
PRJNA531553	SRR8906841	CF3
PRJNA531553	SRR8906842	ZAC546
PRJNA531553	SRR8906843	GEMS24
PRJNA531553	SRR8906844	975-12
PRJNA531553	SRR8906845	4F1
PRJNA531553	SRR8906846	GEMS23
PRJNA531553	SRR8906847	TY8
PRJNA531553	SRR8906848	R15X1141
PRJNA531553	SRR8906849	GEMS18
PRJNA531553	SRR8906850	SI446
PRJNA531553	SRR8906851	GEMS63
PRJNA531553	SRR8906852	GEMS44
PRJNA531553	SRR8906853	CML432
PRJNA531553	SRR8906854	SI273
PRJNA531553	SRR8906855	SY999
PRJNA531553	SRR8906856	ZH68
PRJNA531553	SRR8906857	TIE7922
PRJNA531553	SRR8906858	CML408
PRJNA531553	SRR8906859	DONG46
PRJNA531553	SRR8906860	05W002
PRJNA531553	SRR8906861	YE478
PRJNA531553	SRR8906862	HZS
PRJNA531553	SRR8906863	CIMBL41
PRJNA531553	SRR8906864	CIMBL85
PRJNA531553	SRR8906865	CML192
PRJNA531553	SRR8906866	CIMBL44
PRJNA531553	SRR8906867	CIMBL40
PRJNA531553	SRR8906868	CML115
PRJNA531553	SRR8906869	CIMBL1
PRJNA531553	SRR8906870	CIMBL95
PRJNA531553	SRR8906871	CML170
PRJNA531553	SRR8906872	CIMBL152
PRJNA531553	SRR8906873	CIMBL74
PRJNA531553	SRR8906874	CML338
PRJNA531553	SRR8906875	CIMBL120
PRJNA531553	SRR8906876	CML28
PRJNA531553	SRR8906877	CIMBL38
PRJNA531553	SRR8906878	CIMBL26
PRJNA531553	SRR8906879	CML40
PRJNA531553	SRR8906880	CIMBL128
PRJNA531553	SRR8906881	CML162
PRJNA531553	SRR8906882	CIMBL104
PRJNA531553	SRR8906883	GEMS1
PRJNA531553	SRR8906884	CIMBL106
PRJNA531553	SRR8906885	CIMBL125
PRJNA531553	SRR8906886	CML496
PRJNA531553	SRR8906887	CML130
PRJNA531553	SRR8906888	CML307
PRJNA531553	SRR8906889	CIMBL9
PRJNA531553	SRR8906890	CIMBL122
PRJNA531553	SRR8906891	CIMBL134
PRJNA531553	SRR8906892	CIMBL20
PRJNA531553	SRR8906893	GEMS59
PRJNA531553	SRR8906894	SY1052
PRJNA531553	SRR8906895	GEMS16
PRJNA531553	SRR8906896	CML171
PRJNA531553	SRR8906897	DH29
PRJNA531553	SRR8906898	NMJT
PRJNA531553	SRR8906899	ZHENG30
PRJNA531553	SRR8906900	WH413
PRJNA531553	SRR8906901	GEMS43
PRJNA531553	SRR8906902	QI205
PRJNA531553	SRR8906903	DAN360
PRJNA531553	SRR8906904	LXN
PRJNA531553	SRR8906905	CHANG3
PRJNA531553	SRR8906906	GY1032
PRJNA531553	SRR8906907	CI7
PRJNA531553	SRR8906908	GEMS53
PRJNA531553	SRR8906909	CIMBL83
PRJNA531553	SRR8906910	CIMBL101
PRJNA531553	SRR8906911	CIMBL67
PRJNA531553	SRR8906912	P178
PRJNA531553	SRR8906913	CIMBL113
PRJNA531553	SRR8906914	CIMBL62
PRJNA531553	SRR8906915	ZZ01
PRJNA531553	SRR8906916	CML50
PRJNA531553	SRR8906917	CIMBL19
PRJNA531553	SRR8906918	CIMBL88
PRJNA531553	SRR8906919	CIMBL66
PRJNA531553	SRR8906920	CIMBL94
PRJNA531553	SRR8906921	CML323
PRJNA531553	SRR8906922	CIMBL93
PRJNA531553	SRR8906923	CIMBL117
PRJNA531553	SRR8906924	CML473
PRJNA531553	SRR8906925	CIMBL58
PRJNA531553	SRR8906926	YE52106
PRJNA531553	SRR8906927	XUN971
PRJNA531553	SRR8906928	WMR
PRJNA531553	SRR8906929	D863F
PRJNA531553	SRR8906930	CHUAN48-2
PRJNA531553	SRR8906931	05WN230
PRJNA531553	SRR8906932	BY4839
PRJNA531553	SRR8906933	B114
PRJNA531553	SRR8906934	501
PRJNA531553	SRR8906935	YE488
PRJNA531553	SRR8906936	3H-2
PRJNA531553	SRR8906937	CHENG698
PRJNA531553	SRR8906938	LK11
PRJNA531553	SRR8906939	CML27
PRJNA531553	SRR8906940	CML225
PRJNA531553	SRR8906941	TY2
PRJNA531553	SRR8906942	81162
PRJNA531553	SRR8906943	RY729
PRJNA531553	SRR8906944	CIMBL145
PRJNA531553	SRR8906945	CML327
PRJNA531553	SRR8906946	CIMBL32
PRJNA531553	SRR8906947	CIMBL48
PRJNA531553	SRR8906948	CIMBL108
PRJNA531553	SRR8906949	CIMBL2
PRJNA531553	SRR8906950	CIMBL75
PRJNA531553	SRR8906951	CML287
PRJNA531553	SRR8906952	CML226
PRJNA531553	SRR8906953	CML298
PRJNA531553	SRR8906954	CIMBL50
PRJNA531553	SRR8906955	HUANGC
PRJNA531553	SRR8906956	CIMBL144
PRJNA531553	SRR8906957	CIMBL139
PRJNA531553	SRR8906958	CIMBL72
PRJNA531553	SRR8906959	CIMBL105
PRJNA531553	SRR8906960	CML304
PRJNA531553	SRR8906961	CML471
PRJNA531553	SRR8906962	CML361
PRJNA531553	SRR8906963	CML69
PRJNA531553	SRR8906964	CIMBL116
PRJNA531553	SRR8906965	DAN599
PRJNA531553	SRR8906966	CIMBL36
PRJNA531553	SRR8906967	CML289
PRJNA531553	SRR8906968	CIMBL89
PRJNA531553	SRR8906969	SC55
PRJNA531553	SRR8906970	CML114
PRJNA531553	SRR8906971	CIMBL76
PRJNA531553	SRR8906972	CML431
PRJNA531553	SRR8906973	CML282
PRJNA531553	SRR8906974	CIMBL151
PRJNA531553	SRR8906975	CIMBL141
PRJNA531553	SRR8906976	CIMBL90
PRJNA531553	SRR8906977	CIMBL79
PRJNA531553	SRR8906978	CIMBL112
PRJNA531553	SRR8906979	YAN414
PRJNA531553	SRR8906980	BY855
PRJNA531553	SRR8906981	Z2018F
PRJNA531553	SRR8906982	YE515
PRJNA531553	SRR8906983	MO113
PRJNA531553	SRR8906984	BY813
PRJNA531553	SRR8906985	JI53
PRJNA531553	SRR8906986	GEMS15
PRJNA531553	SRR8906987	SI434
PRJNA531553	SRR8906988	B151
PRJNA531553	SRR8906989	TY11
PRJNA531553	SRR8906990	IRF314
PRJNA531553	SRR8906991	L3180
PRJNA531553	SRR8906992	GY462
PRJNA531553	SRR8906993	SY1032
PRJNA531553	SRR8906994	GEMS9
PRJNA531553	SRR8906995	GEMS17
PRJNA531553	SRR8906996	HU803
PRJNA531553	SRR8906997	GEMS41
PRJNA531553	SRR8906998	GEMS58
PRJNA531553	SRR8906999	CIMBL123
PRJNA531553	SRR8907000	GEMS50
PRJNA531553	SRR8907001	M153
PRJNA531553	SRR8907002	LIAO5263
PRJNA531553	SRR8907003	C8605
PRJNA531553	SRR8907004	ZHONG69
PRJNA531553	SRR8907005	GEMS27
PRJNA531553	SRR8907006	DAN598
PRJNA531553	SRR8907007	7327
PRJNA531553	SRR8907008	GEMS13
PRJNA531553	SRR8907009	GEMS54
PRJNA531553	SRR8907010	GEMS37
PRJNA531553	SRR8907011	MN
PRJNA531553	SRR8907012	04K5672
PRJNA531553	SRR8907013	JY01
PRJNA531553	SRR8907014	GEMS28
PRJNA531553	SRR8907015	GEMS42
PRJNA531553	SRR8907016	GEMS61
PRJNA531553	SRR8907017	SK_resequencing
PRJNA531553	SRR8907018	TY10
PRJNA531553	SRR8907019	GEMS19
PRJNA531553	SRR8907020	BY4944
PRJNA531553	SRR8907021	SI444
PRJNA531553	SRR8907022	BGY
PRJNA531553	SRR8907023	SW92E114
PRJNA531553	SRR8907024	BY809
PRJNA531553	SRR8907025	DONG237
PRJNA531553	SRR8907026	SY3073
PRJNA531553	SRR8907027	CIMBL52
PRJNA531553	SRR8907028	CIMBL63
PRJNA531553	SRR8907029	CIMBL157
PRJNA531553	SRR8907030	CIMBL142
PRJNA531553	SRR8907031	CML122
PRJNA531553	SRR8907032	CIMBL136
PRJNA531553	SRR8907033	CIMBL3
PRJNA531553	SRR8907034	CIMBL130
PRJNA531553	SRR8907035	CML32
PRJNA531553	SRR8907036	CIMBL4
PRJNA531553	SRR8907037	B113
PRJNA531553	SRR8907038	CML326
PRJNA531553	SRR8907039	LIAO138
PRJNA531553	SRR8907040	DAN3130
PRJNA531553	SRR8907041	ZB648
PRJNA531553	SRR8907042	CML139
PRJNA531553	SRR8907043	CIMBL148
PRJNA531553	SRR8907044	CIMBL133
PRJNA531553	SRR8907045	CIMBL5
PRJNA531553	SRR8907046	CIMBL8
PRJNA531553	SRR8907047	QI319
PRJNA531553	SRR8907048	CIMBL42
PRJNA531553	SRR8907049	CIMBL17
PRJNA531553	SRR8907050	CIMBL126
PRJNA531553	SRR8907051	CML412
PRJNA531553	SRR8907052	CIMBL147
PRJNA531553	SRR8907053	CML479
PRJNA531553	SRR8907054	CIMBL13
PRJNA531553	SRR8907055	CIMBL22
PRJNA531553	SRR8907056	B11
PRJNA531553	SRR8907057	CML422
PRJNA531553	SRR8907058	CML20
PRJNA531553	SRR8907059	CIMBL78
PRJNA531553	SRR8907060	CML465
PRJNA531553	SRR8907061	CIMBL47
PRJNA531553	SRR8907062	HSBN
PRJNA531553	SRR8907063	GEMS64
PRJNA531553	SRR8907064	B110
PRJNA531553	SRR8907065	Q1261
PRJNA531553	SRR8907066	GEMS20
PRJNA531553	SRR8907067	A619
PRJNA531553	SRR8907068	ZHENG22
PRJNA531553	SRR8907069	GEMS6
PRJNA531553	SRR8907070	268
PRJNA531553	SRR8907071	SY998
PRJNA531553	SRR8907072	GEMS57
PRJNA531553	SRR8907073	GEMS65
PRJNA531553	SRR8907074	D047
PRJNA531553	SRR8907075	DE.EX
PRJNA531553	SRR8907076	JI853
PRJNA531553	SRR8907077	835B
PRJNA531553	SRR8907078	P6WC
PRJNA531553	SRR8907079	JING724
PRJNA531553	SRR8907080	MO17
PRJNA531553	SRR8907081	3411
PRJNA531553	SRR8907082	JING24
PRJNA531553	SRR8907083	E28
PRJNA531553	SRR8907084	812
PRJNA531553	SRR8907085	TIAN77
PRJNA531553	SRR8907086	CHANG7-2
PRJNA531553	SRR8907087	YE107
PRJNA531553	SRR8907088	GY220
PRJNA531553	SRR8907089	M165
PRJNA531553	SRR8907090	TT16
PRJNA531553	SRR8907091	LV28
PRJNA531553	SRR8907092	07KS4
PRJNA531553	SRR8907093	832
PRJNA531553	SRR8907094	7884-4HT
PRJNA531553	SRR8907095	SY1128
PRJNA531553	SRR8907096	GEMS39
PRJNA531553	SRR8907097	GEMS5
PRJNA531553	SRR8907098	CIMBL61
PRJNA531553	SRR8907099	CML325
PRJNA531553	SRR8907100	NAN21-3
PRJNA531553	SRR8907101	CML191
PRJNA531553	SRR8907102	CIMBL14
PRJNA531553	SRR8907103	CIMBL60
PRJNA531553	SRR8907104	CIMBL114
PRJNA531553	SRR8907105	CML285
PRJNA531553	SRR8907106	CIMBL119
PRJNA531553	SRR8907107	CIMBL73
PRJNA531553	SRR8907108	IRF291
PRJNA531553	SRR8907109	CML468
PRJNA531553	SRR8907110	CIMBL97
PRJNA531553	SRR8907111	CIMBL6
PRJNA531553	SRR8907112	CIMBL30
PRJNA531553	SRR8907113	CIMBL138
PRJNA531553	SRR8907114	CIMBL129
PRJNA531553	SRR8907115	CIMBL81
PRJNA531553	SRR8907116	647
PRJNA531553	SRR8907117	CIMBL86
PRJNA531553	SRR8907118	CIMBL80
PRJNA531553	SRR8907119	YU374
PRJNA531553	SRR8907120	ZONG3
PRJNA531553	SRR8907121	GEMS11
PRJNA531553	SRR8907122	5237
PRJNA531553	SRR8907123	BY804
PRJNA531553	SRR8907124	LIAO159
PRJNA531553	SRR8907125	RY732
PRJNA531553	SRR8907126	GY798
PRJNA531553	SRR8907127	YE8001
PRJNA531553	SRR8907128	XZ698
PRJNA531553	SRR8907129	GY237
PRJNA531553	SRR8907130	SY1039
PRJNA531553	SRR8907131	YU87-1
PRJNA531553	SRR8907132	TY3
PRJNA531553	SRR8907133	DAN4245
PRJNA531553	SRR8907134	GEMS2
PRJNA531553	SRR8907135	GEMS46
PRJNA531553	SRR8907136	GEMS33
PRJNA531553	SRR8907137	ZI330
PRJNA531553	SRR8907138	HB
PRJNA531553	SRR8907139	GEMS48
PRJNA531553	SRR8907140	HTH-17
PRJNA531553	SRR8907141	BEM
PRJNA531553	SRR8907142	B73
PRJNA531553	SRR8907143	4019
PRJNA531553	SRR8907144	ES40
PRJNA531553	SRR8907145	ZZ03
PRJNA531553	SRR8907146	GEMS25
PRJNA531553	SRR8907147	RY684
PRJNA531553	SRR8907148	JH96C
PRJNA531553	SRR8907149	DAN9046
PRJNA531553	SRR8907150	HUA83-2
PRJNA531553	SRR8907151	TY7
PRJNA531553	SRR8907152	GEMS47
PRJNA531553	SRR8907153	BY4960
PRJNA531553	SRR8907154	S22
PRJNA531553	SRR8907155	LG001
PRJCA009749	CRR504155	8941
PRJCA009749	CRR504156	81162
PRJCA009749	CRR504157	4F1
PRJCA009749	CRR504158	C8605_2
PRJCA009749	CRR504161	Dongbeihu
PRJCA009749	CRR504164	Jing388
PRJCA009749	CRR504172	Longxi65
PRJCA009749	CRR504174	Hai9818
PRJCA009749	CRR504182	Ji4112
PRJCA009749	CRR504183	W499
PRJCA009749	CRR504185	NC268
PRJCA009749	CRR504186	Zhongzi01
PRJCA009749	CRR504189	Jinghuang59
PRJCA009749	CRR504190	JN15
PRJCA009749	CRR504194	J0045
PRJCA009749	CRR504202	Hai1134
PRJCA009749	CRR504203	H9442
PRJCA009749	CRR504206	1205A
PRJCA009749	CRR504212	Shen977
PRJCA009749	CRR504213	68122
PRJCA009749	CRR504214	D869
PRJCA009749	CRR504215	K21
PRJCA009749	CRR504217	D886
PRJCA009749	CRR504227	MC6179
PRJCA009749	CRR504235	MC9269
PRJCA009749	CRR504236	MC9270
PRJCA009749	CRR504237	MC9274
PRJCA009749	CRR504238	MC9282
PRJCA009749	CRR504239	MC9287
PRJCA009749	CRR504240	MC9288
PRJCA009749	CRR504243	MC9300
PRJCA009749	CRR504244	T5107
PRJCA009749	CRR504247	T5588
PRJCA009749	CRR504256	T33169
PRJCA009749	CRR504262	T33336
PRJCA009749	CRR504264	T33362
PRJCA009749	CRR504265	T24223
PRJCA009749	CRR504273	Jia6
PRJCA009749	CRR504280	833
PRJCA009749	CRR504281	T116
PRJCA009749	CRR504285	Suixi608
PRJCA009749	CRR504287	Suixi613
PRJCA009749	CRR504288	Suixi703
PRJCA009749	CRR504290	Suixi707
PRJCA009749	CRR504291	Suixi708
PRJCA009749	CRR504292	Suixi709
PRJCA009749	CRR504296	An441A
PRJCA009749	CRR504297	Nan5
PRJCA009749	CRR504301	HR30
PRJCA009749	CRR504304	KL45
PRJCA009749	CRR504305	HB410
PRJCA009749	CRR504311	HB322
PRJCA009749	CRR504314	DN139
PRJCA009749	CRR504315	DN1722
PRJCA009749	CRR504319	DN4402
PRJCA009749	CRR504333	HRB16038
PRJCA009749	CRR504340	HRB16055
PRJCA009749	CRR504342	HRB16061
PRJCA009749	CRR504344	HRB16072
PRJCA009749	CRR504345	HRB16073
PRJCA009749	CRR504348	HRB16085
PRJCA009749	CRR504354	HRWC1
PRJCA009749	CRR504355	DKM8
PRJCA009749	CRR504360	HR73
PRJCA009749	CRR504368	HRM8
PRJCA009749	CRR504375	Mo113
PRJCA009749	CRR504383	Dong96
PRJCA009749	CRR504390	HRB16179
PRJCA009749	CRR504391	HRB16193
PRJCA009749	CRR504393	Zhe931
PRJCA009749	CRR504394	Zhe969
PRJCA009749	CRR504395	Zhe461
PRJCA009749	CRR504398	SCML202
PRJCA009749	CRR504399	SCML205Rel
PRJCA009749	CRR504401	Ji9_033
PRJCA009749	CRR504402	JiZ_S24_9
PRJCA009749	CRR504404	Zheng60
PRJCA009749	CRR504405	Jizi1006
PRJCA009749	CRR504407	Jizi1018
PRJCA009749	CRR504408	Jizi1023
PRJCA009749	CRR504409	Jizi1034
PRJCA009749	CRR504410	Jizi1039
PRJCA009749	CRR504418	Jizi1058
PRJCA009749	CRR504419	Jizi1082
PRJCA009749	CRR504421	Jizi1092
PRJCA009749	CRR504422	Jizi1134
PRJCA009749	CRR504423	Jizi1138
PRJCA009749	CRR504424	Jizi1140
PRJCA009749	CRR504429	9083
PRJCA009749	CRR504440	444_1
PRJCA009749	CRR504447	JLXH_4
PRJCA009749	CRR504450	JLXH_12
PRJCA009749	CRR504452	JLXH_17
PRJCA009749	CRR504455	PHW51
PRJCA009749	CRR504462	Liao51
PRJCA009749	CRR504464	Liao785
PRJCA009749	CRR504465	Liao8022
PRJCA009749	CRR504466	Liao428
PRJCA009749	CRR504467	Shen161
PRJCA009749	CRR504472	Dan598whitecob
PRJCA009749	CRR504477	Tie9010
PRJCA009749	CRR504479	Ming2325
PRJCA009749	CRR504480	G285
PRJCA009749	CRR504483	Liao1A407
PRJCA009749	CRR504484	Liao63024
PRJCA009749	CRR504485	Liao20358
PRJCA009749	CRR504486	Liao2572
PRJCA009749	CRR504487	Liao3348
PRJCA009749	CRR504494	Liao0513
PRJCA009749	CRR504497	Liao0567
PRJCA009749	CRR504501	Shen5003
PRJCA009749	CRR504507	Liao6027
PRJCA009749	CRR504508	Shen501
PRJCA009749	CRR504511	CAW4w
PRJCA009749	CRR504512	9626
PRJCA009749	CRR504516	9534
PRJCA009749	CRR504517	9580
PRJCA009749	CRR504525	TD282
PRJCA009749	CRR504526	TE322
PRJCA009749	CRR504529	TE350
PRJCA009749	CRR504534	W_25
PRJCA009749	CRR504537	HH4
PRJCA009749	CRR504538	H446
PRJCA009749	CRR504542	L98
PRJCA009749	CRR504543	H81
PRJCA009749	CRR504547	Chang98
PRJCA009749	CRR504548	Jizi4658
PRJCA009749	CRR504549	B17
PRJCA009749	CRR504551	Jizi147048
PRJCA009749	CRR504553	Jizi13L115
PRJCA009749	CRR504557	Jizi13L377
PRJCA009749	CRR504560	JiziB154
PRJCA009749	CRR504561	JiziA150
PRJCA009749	CRR504562	JiziA199
PRJCA009749	CRR504563	ZhengT22
PRJCA009749	CRR504566	Xun313
PRJCA009749	CRR504567	Xun5872
PRJCA009749	CRR504568	ZK02_1
PRJCA009749	CRR504569	Luo1223
PRJCA009749	CRR504571	A1393
PRJCA009749	CRR504572	Zhu07
PRJCA009749	CRR504575	5N65
PRJCA009749	CRR504576	5N74
PRJCA009749	CRR504578	5N78
PRJCA009749	CRR504580	5N545
PRJCA009749	CRR504589	Zheng600
PRJCA009749	CRR504591	Zheng603
PRJCA009749	CRR504592	Zheng561
PRJCA009749	CRR504593	lx00_1
PRJCA009749	CRR504595	16SD007
PRJCA009749	CRR504600	16SD034
PRJCA009749	CRR504603	16SD044
PRJCA009749	CRR504608	16SD088
PRJCA009749	CRR504620	50034
PRJCA009749	CRR504621	50035
PRJCA009749	CRR504624	50073
PRJCA009749	CRR504631	5660
PRJCA009749	CRR504632	5661
PRJCA009749	CRR504634	41006
PRJCA009749	CRR504638	M08N171
PRJCA009749	CRR504639	MZ_315
PRJCA009749	CRR504643	M09N041
PRJCA009749	CRR504644	M05N32
PRJCA009749	CRR504648	M75
PRJCA009749	CRR504651	M6021C546
PRJCA009749	CRR504653	M08N144
PRJCA009749	CRR504654	M9N165
PRJCA009749	CRR504659	M09N160
PRJCA009749	CRR504668	M45589
PRJCA009749	CRR504669	M45172
PRJCA009749	CRR504670	M15044
PRJCA009749	CRR504671	M35119
PRJCA009749	CRR504672	M15208
PRJCA009749	CRR504673	M35457
PRJCA009749	CRR504675	M45199
PRJCA009749	CRR504678	M35124
PRJCA009749	CRR504680	M15131
PRJCA009749	CRR504690	ly328
PRJCA009749	CRR504691	LY2211
PRJCA009749	CRR504693	Wu9086
PRJCA009749	CRR504694	5172
PRJCA009749	CRR504696	Wu6127
PRJCA009749	CRR504697	Wu6006
PRJCA009749	CRR504700	XD973
PRJCA009749	CRR504701	J398
PRJCA009749	CRR504702	Z78
PRJCA009749	CRR504703	Jin103
PRJCA009749	CRR504708	Y687
PRJCA009749	CRR504709	Y3_2
PRJCA009749	CRR504710	806
PRJCA009749	CRR504711	950
PRJCA009749	CRR504713	ly5405
PRJCA009749	CRR504714	ly5502
PRJCA009749	CRR504716	ly5901
PRJCA009749	CRR504721	KW4M029
PRJCA009749	CRR504725	W08
PRJCA009749	CRR504730	Nan7041_5
PRJCA009749	CRR504745	Y1642
PRJCA009749	CRR504747	Y1665
PRJCA009749	CRR504748	Y1674
PRJCA009749	CRR504755	Y1697
PRJCA009749	CRR504758	Y1703
PRJCA009749	CRR504759	Y1704
PRJCA009749	CRR504761	Y1706
PRJCA009749	CRR504768	Y1745
PRJCA009749	CRR504770	Y1751
PRJCA009749	CRR504772	Y1754
PRJCA009749	CRR504773	Y1755
PRJCA009749	CRR504775	Y1757
PRJCA009749	CRR504787	TD5937
PRJCA009749	CRR504796	Jindan35M
PRJCA009749	CRR504797	T276
PRJCA009749	CRR504798	Jinyu811F
PRJCA009749	CRR504799	C822
PRJCA009749	CRR504801	X232
PRJCA009749	CRR504802	Ds_12a
PRJCA009749	CRR504805	178_1
PRJCA009749	CRR504812	Jin0_3
PRJCA009749	CRR504813	X8531
PRJCA009749	CRR504814	X48B
PRJCA009749	CRR504819	DXA095
PRJCA009749	CRR504820	DXA105
PRJCA009749	CRR504826	DXB007
PRJCA009749	CRR504828	DXB060
PRJCA009749	CRR504831	DXB161
PRJCA009749	CRR504833	DXB165
PRJCA009749	CRR504834	DXB167
PRJCA009749	CRR504835	DXB171
PRJCA009749	CRR504837	DXB198
PRJCA009749	CRR504843	XF063
PRJCA009749	CRR504845	LK58_8
PRJCA009749	CRR504850	ly5711
PRJCA009749	CRR504851	LongF0202
PRJCA009749	CRR504853	LongF0402
PRJCA009749	CRR504855	LongF1011
PRJCA009749	CRR504857	LongF2224
PRJCA009749	CRR504858	B97
PRJCA009749	CRR504861	CML322
PRJCA009749	CRR504862	CML333
PRJCA009749	CRR504878	72_125
PRJCA009749	CRR504879	HR962
PRJCA009749	CRR504884	Luyuan133
PRJCA009749	CRR504885	897
PRJCA009749	CRR504887	Chang7_2
PRJCA009749	CRR504889	196
PRJCA009749	CRR504891	Ji35
PRJCA009749	CRR504893	8723
PRJCA009749	CRR504894	5237
PRJCA009749	CRR504895	75_14Gao
PRJCA009749	CRR504899	Shuangtaiwu
PRJCA009749	CRR504903	Ji856
PRJCA009749	CRR504906	CML61
PRJCA009749	CRR504908	Zhongyin10
PRJCA009749	CRR504909	OO6
PRJCA009749	CRR504910	Jiu138_5
PRJCA009749	CRR504912	Ning36
PRJCA009749	CRR504917	Ning37
PRJCA009749	CRR504919	707
PRJCA009749	CRR504926	Feng263
PRJCA009749	CRR504930	91Huang5
PRJCA009749	CRR504932	Gan41
PRJCA009749	CRR504944	Jinruo
PRJCA009749	CRR504953	Zhangjin6
PRJCA009749	CRR504957	Yue20_3
PRJCA009749	CRR504959	Chengbei711
PRJCA009749	CRR504965	Lan766_4_2
PRJCA009749	CRR504970	Tai1_Lg
PRJCA009749	CRR504977	Danhuang02
PRJCA009749	CRR504979	Ziduosui
PRJCA009749	CRR504982	Duo229
PRJCA009749	CRR504985	Fu8529
PRJCA009749	CRR504988	B12
PRJCA009749	CRR504996	Cheng435
PRJCA009749	CRR505003	Ji876
PRJCA009749	CRR505005	Zongxi241
PRJCA009749	CRR505008	Guangyou5
PRJCA009749	CRR505012	Lv28
PRJCA009749	CRR505019	91Huang15
PRJCA009749	CRR505020	Yuanwu02
PRJCA009749	CRR505023	Qi319
PRJCA009749	CRR505032	Zhong128
PRJCA009749	CRR505036	Ye488
PRJCA009749	CRR505040	32
PRJCA009749	CRR505041	Ye8112
PRJCA009749	CRR505045	FR218
PRJCA009749	CRR505047	Zheng58
PRJCA009749	CRR505054	75_322
PRJCA009749	CRR505058	L069
PRJCA009749	CRR505060	L005
PRJCA009749	CRR505061	Shen135
PRJCA009749	CRR505065	Zun90110
PRJCA009749	CRR505068	ShuangM9B_1
PRJCA009749	CRR505072	Yue267_3_1
PRJCA009749	CRR505073	CN165
PRJCA009749	CRR505081	P39_su
PRJCA009749	CRR505087	Guan17_1
PRJCA009749	CRR505090	RW64A
PRJCA009749	CRR505104	112_O2
PRJCA009749	CRR505105	BaiU8112
PRJCA009749	CRR505110	Daqiu36
PRJCA009749	CRR505113	Jing404
PRJCA009749	CRR505114	Tianya4
PRJCA009749	CRR505117	55113_3_3_5
PRJCA009749	CRR505119	De811
PRJCA009749	CRR505121	Lo1125
PRJCA009749	CRR505124	Zong31
PRJCA009749	CRR505125	Zong3
PRJCA009749	CRR505129	CIMBL58
PRJCA009749	CRR505130	975_12
PRJCA009749	CRR505131	526018
PRJCA009749	CRR505134	GEMS3
PRJCA009749	CRR505138	GEMS28
PRJCA009749	CRR505139	GEMS54
PRJCA009749	CRR505140	GEMS65
PRJCA009749	CRR505143	Z001E0010
PRJCA009749	CRR505144	Z004E0173
PRJCA009749	CRR505147	Z013E0072
PRJCA009749	CRR505153	Z021E0138
PRJCA009749	CRR505156	Z026E0069
PRJCA009749	CRR505158	PHJ75
PRJCA009749	CRR505159	792
PRJCA009749	CRR505163	78002A
PRJCA009749	CRR505165	LH194
PRJCA009749	CRR505166	LH195
PRJCA009749	CRR505167	LH202
PRJCA009749	CRR505169	NC292
PRJCA009749	CRR505179	PHJ65
PRJCA009749	CRR505180	LH128
PRJCA009749	CRR505182	LH215
PRJCA009749	CRR505184	A059
PRJCA009749	CRR505185	A072
PRJCA009749	CRR505190	C052
PRJCA009749	CRR505191	C061
PRJCA009749	CRR505193	E101
PRJCA009749	CRR505197	J006
PRJCA009749	CRR505199	Suixi704
PRJCA009749	CRR505209	NC294
PRJCA009749	CRR505210	NC310
PRJCA009749	CRR505212	Oh43E
PRJCA009749	CRR505216	A619
PRJCA009749	CRR505222	LH210
PRJCA009749	CRR505223	LH211
PRJCA009749	CRR505224	LH196
PRJCA009749	CRR505228	PHP76
PRJCA009749	CRR505229	PHW06
PRJCA009749	CRR505233	NL001
PRJCA009749	CRR505235	Lp215D
PRJCA009749	CRR505236	PHJ89
PRJCA009749	CRR505238	PHR61
PRJCA009749	CRR505239	PHT11
PRJCA009749	CRR505240	MBSJ
PRJCA009749	CRR505242	LH209
PRJCA009749	CRR505243	MM402A
PRJCA009749	CRR505245	LH197
PRJCA009749	CRR505247	LH216
PRJCA009749	CRR505248	LH222
PRJCA009749	CRR505251	ICI893
PRJCA009749	CRR505252	ICI986
PRJCA009749	CRR505257	PHPR5
PRJCA009749	CRR505265	LH200
PRJCA009749	CRR505269	3IJI1
PRJCA009749	CRR505275	PHMK0
PRJCA009749	CRR505280	LH185
PRJCA009749	CRR505283	ZS1791
PRJCA009749	CRR505284	SeagullSeventeen
PRJCA009749	CRR505285	LH38
PRJCA009749	CRR505288	LH132
PRJCA009749	CRR505293	6103
PRJCA009749	CRR505298	78010
PRJCA009749	CRR505303	778
PRJCA009749	CRR505306	NS701
PRJCA009749	CRR505307	78371A
PRJCA009749	CRR505308	IBB15
PRJCA009749	CRR505311	740
PRJCA009749	CRR505312	787
PRJCA009749	CRR505313	793
PRJCA009749	CRR505314	LH65
PRJCA009749	CRR505316	W8304
PRJCA009749	CRR505317	11430
PRJCA009749	CRR505319	2MA22
PRJCA009749	CRR505320	78551S
PRJCA009749	CRR505321	87916W
PRJCA009749	CRR505322	HB8229
PRJCA009749	CRR505323	MBST
PRJCA009749	CRR505324	PHH93
PRJCA009749	CRR505325	PHP02
PRJCA009749	CRR505327	PHT60
PRJCA009749	CRR505329	NS501
PRJCA009749	CRR505330	OQ603
PRJCA009749	CRR505332	1538
PRJCA009749	CRR505333	WIL903
PRJCA009749	CRR505335	L139
PRJCA009749	CRR505337	PHJ70
PRJCA009749	CRR505339	PHN37
PRJCA009749	CRR505341	PHT22
PRJCA009749	CRR505343	PHW43
PRJCA009749	CRR505345	LH127
PRJCA009749	CRR505349	F118
PRJCA009749	CRR505354	2FAD8
PRJCA009749	CRR505360	CQ702RC
PRJCA009749	CRR505363	PHBB3
PRJCA009749	CRR505366	ML606
PRJCA009749	CRR505368	LH54
PRJCA009749	CRR505369	LH52
PRJCA009749	CRR505375	H8431
PRJCA009749	CRR505377	PHP55
PRJCA009749	CRR505380	Hai268
PRJCA009749	CRR505387	Sheng62
PRJCA009749	CRR505389	6107A_2
PRJCA009749	CRR505392	T0403
PRJCA009749	CRR505393	485
PRJCA009749	CRR505394	489
PRJCA009749	CRR505395	L201
PRJCA009749	CRR505397	WK858
PRJCA009749	CRR505403	Xun92_8
PRJCA009749	CRR505405	Dong62072
PRJCA009749	CRR505406	L203
PRJCA009749	CRR505407	842
PRJCA009749	CRR505410	Si_287
PRJCA009749	CRR505412	Shen137
PRJCA009749	CRR505413	Shen3265
PRJCA009749	CRR505415	Tie7922
PRJCA009749	CRR505418	lx08_8
PRJCA009749	CRR505419	lx03_2
PRJCA009749	CRR505421	PHV78
PRJCA009749	CRR505427	PHG84
PRJCA009749	CRR505429	LH149
PRJCA009749	CRR505431	HC2_CGJ
PRJCA009749	CRR505438	PHN46
PRJCA009749	CRR505440	PHV07
PRJCA009749	CRR505442	LH213
PRJCA009749	CRR505446	ICI441
PRJCA009749	CRR505448	PHAW6
PRJCA009749	CRR505449	PHHB9
PRJCA009749	CRR505450	PHEG9
PRJCA009749	CRR505451	PHHB4
PRJCA009749	CRR505453	LH39
PRJCA009749	CRR505454	PHG50
PRJCA009749	CRR505455	B47
PRJCA009749	CRR505461	LH60
PRJCA009749	CRR505464	PB80
PRJCA009749	CRR505470	PHW52
PRJCA009749	CRR505471	WIL900
PRJCA009749	CRR505482	FAPW
PRJCA009749	CRR505483	PHG39
PRJCA009749	CRR505485	LH82
PRJCA009749	CRR505488	CNH3754
PRJCA009749	CRR505490	F62
PRJCA009749	CRR505492	150_4
PRJCA009749	CRR505498	GM406
PRJCA009749	CRR505501	17MC3255
PRJCA009749	CRR505502	17MC2621
PRJCA009749	CRR505503	17MC2622
PRJCA009749	CRR505504	17MC2623
PRJCA009749	CRR505505	17MC2624
PRJCA009749	CRR505506	17MC2627
PRJCA009749	CRR505507	17MC2629
PRJCA009749	CRR505508	17MC2630
PRJCA009749	CRR505517	XF_1
PRJCA009749	CRR505523	T58765
PRJCA009749	CRR505529	161223
PRJCA009749	CRR505531	YD7922
PRJCA009749	CRR505536	85123
PRJCA009749	CRR505540	Si_144Gai
PRJCA009749	CRR505546	F0903
PRJCA009749	CRR505547	6NH372
PRJCA009749	CRR505556	6NH717
PRJCA009749	CRR505559	6NH769
PRJCA009749	CRR505564	ZhengX959
PRJCA009749	CRR505569	Zheng578
PRJCA009749	CRR505573	16NS545
PRJCA009749	CRR505575	P28
PRJCA009749	CRR505576	R107
PRJCA009749	CRR505583	HRB16219
PRJCA009749	CRR505584	HRB16221
PRJCA009749	CRR505586	HRB16225
PRJCA009749	CRR505588	HRB16244
PRJCA009749	CRR505593	M54Rel
PRJCA009749	CRR505595	Liao0369
PRJCA009749	CRR505600	JLXH_27
PRJCA009749	CRR505603	1007_3
PRJCA009749	CRR505608	16Y673_7
PRJCA009749	CRR505609	16Y685_6
PRJCA009749	CRR505613	271
PRJCA009749	CRR505616	267
PRJCA009749	CRR505619	Tx149
PRJCA009749	CRR505620	17CPB04
PRJCA009749	CRR505622	Meng17j07
PRJCA009749	CRR505624	SD192
PRJCA009749	CRR505626	SD198
PRJCA009749	CRR505627	SD202
PRJCA009749	CRR505634	Liao0619
PRJCA009749	CRR505636	Zhongxi09102
PRJCA009749	CRR505640	121494
PRJCA009749	CRR505641	XF38P05F
PRJCA009749	CRR505643	Meng17j29
PRJCA009749	CRR505647	HD568
PRJCA009749	CRR505649	Jing7huang
PRJCA009749	CRR505651	Wenhuang31413
PRJCA009749	CRR505654	Lx9801
PRJCA009749	CRR505655	Xun926
PRJCA009749	CRR505656	Liao6082
PRJCA009749	CRR505657	L5895
PRJCA009749	CRR505658	S122
PRJCA009749	CRR505660	DH382
PRJCA009749	CRR505661	Xun9058
PRJCA009749	CRR505663	M340x
PRJCA009749	CRR505667	SX3821
PRJCA009749	CRR505670	148
PRJCA009749	CRR505674	D185
PRJCA009749	CRR505677	Tie98033_1
PRJCA009749	CRR505679	Zhongzi03
PRJCA009749	CRR505688	N42
PRJCA009749	CRR505689	W172
PRJCA009749	CRR505698	Chen322
PRJCA009749	CRR505706	S7913
PRJCA009749	CRR505710	Shen151
PRJCA009749	CRR505711	Liao3162
PRJCA009749	CRR505714	LX3999
PRJCA009749	CRR505715	D183
PRJCA009749	CRR505717	H95
PRJCA009749	CRR505719	MC5831
PRJCA009749	CRR505720	MC5832
PRJCA009749	CRR505724	MC5837
PRJCA009749	CRR505728	MC5841
PRJCA009749	CRR505729	MC5842
PRJCA009749	CRR505730	MC5843
PRJCA009749	CRR505731	MC5844
PRJCA009749	CRR505733	MC5846
PRJCA009749	CRR505737	MC6231
PRJCA009749	CRR505740	MC6235
PRJCA009749	CRR505741	MC6236
PRJCA009749	CRR505742	MC3361
PRJCA009749	CRR505743	MC3362
PRJCA009749	CRR505745	MC3366
PRJCA009749	CRR505746	MC3367
PRJCA009749	CRR505748	GEMS18
PRJCA009749	CRR505750	GEMS1
PRJCA009749	CRR505752	Dan360
